id,count
0,373
1,236
2,171
3,61
4,1410
5,957
6,305
7,219
8,151
9,140
a,66
b,381
c,125
d,10
e,2
f,127
10,39
11,90
12,34
13,100
14,145187
260f,17
16,129
17,7
18,96
19,56
1a,4525
1b,18674
1c,126
1d,104
1e,436
1f,474
20,156
21,15014
22,87
23,84
24,105
25,51196
26,51
276b,123
27,255
28,500
29,71
2a,79
2b,196885
2c,43
2d,77
2e,106
2f,2423
30,71
31,1003
32,148
33,344
34,142
35,512
36,89
37,73
38,499
39,120
2668,200
278b,81
3a,116
3b,41
3c,7500
3d,370
3e,95
3f,44
40,12
41,36
42,882
43,26
44,463
45,85
46,546
47,157
48,4
49,340
4a,12787
4b,104
4c,238
4d,51
4e,15021
4f,2104
51,338
52,44
53,80
27a1,116
54,54
55,1143
56,54
57,596
58,255
59,56
5a,2846
5b,80
5c,33
5d,448
5e,3278
5f,134
60,96
61,65
62,52
63,300
64,2596
65,19
66,2483
67,153
68,157
69,10
6a,211
6b,510
26a7,2
2687,71
6c,53
6d,107
6e,56
6f,156
70,32
71,96
26f0,7
72,27
73,4
75,113
76,5770
77,134
78,85
79,148
7a,151
7b,14175
7c,98
7d,4
7e,108
7f,27
80,102
81,84
82,50742
2819,6
83,1738
84,57
85,139
86,10
87,84
88,100
89,110
8a,4889
8b,22
8c,52
8d,104
8e,15
8f,191
90,31
91,58
92,91
93,4447
94,47
95,61515
96,144
97,75
98,428
99,1000
9a,9768
9b,42
9c,42
2727,160
9d,96
9e,310
9f,148
a0,129
a1,5876
a2,62
a3,21
a4,1539
a5,245
a6,1162
a7,268
a8,142
278c,3
a9,45
aa,51
ab,179
ac,226
ad,161
ae,98
af,1832
b0,8
b1,197507
b3,27890
25c7,58
25c8,100
b4,322
b5,26
b6,19
b7,288
b8,10
b9,41
ba,95
bb,143
bc,91
bd,126
be,9042
bf,1989
c0,17
c1,107
26a8,3
263f,6585
c2,79
c3,39
c4,24
c5,4
c6,4
c7,621
c8,48
2561,1085
c9,144
ca,1251
cb,9549
281a,45
cc,11
cd,11
ce,123
cf,8
d0,10
d1,1083
d2,399
d3,4233
d4,147
d5,111
d6,539
d7,32814
d8,25718
d9,122
da,94
db,98
dc,254
dd,205
de,485
df,1874
e0,12
e1,225
e2,185
e3,198
e4,107
e5,92
e6,90
e7,12
e8,22
e9,5671
ea,25
eb,46
2655,240
ec,232
ed,2246
ee,31916
ef,65
f0,86
f1,17409
f2,1598
f3,52
f4,139
f5,78
f6,9
f7,17
f8,196
f9,37724
fa,7136
fb,184
fc,517
fd,1082
fe,1682
ff,2826
100,591
101,719
102,2125
103,53
104,1222
105,1240
106,36
107,76
108,14
109,211
10a,34
10b,27
10c,88
10d,228
10e,52
10f,61
27a2,37
110,4358
2530,63
111,114
112,14
113,1538
114,3556
115,69
116,3984
117,884
118,5
119,25072
11a,272
11b,1932
11c,826
11d,44
11e,81
11f,4
120,34
121,73
122,61
123,65
124,30
125,62
126,14059
127,36
278d,12
128,192
129,21599
12a,23
12b,29187
12c,224
12d,12
12e,2447
12f,184
130,115
131,1028
132,41
133,294
134,219
135,20
136,182
137,8
138,57647
139,78
13a,149
13b,189
13c,6
13d,19
13e,113
13f,232
140,1210
141,387
142,2643
143,847
144,70
145,552
146,4
147,128
148,172
149,14
14a,32
14b,7140
14c,35451
14d,140
2728,363
14e,888
14f,561
150,180
21a4,2
151,81
152,17
153,2753
154,30
155,33
156,16
21a7,2
278e,212
157,41
158,25
159,673
15a,10
15b,221
15c,49
15d,66
15e,123435
15f,1989
161,1
162,68
163,43
164,9
165,223
166,186
167,2031
168,68875
169,7
16a,124
16b,102
16c,60
16d,48
16e,4083
16f,641
170,192
171,14639
172,14
173,5
174,1
175,11
176,4
2729,48
177,26
178,1421
179,1128
17a,91
17b,336
17c,2127
17d,404
17e,14
17f,12157
180,10214
181,17896
182,7153
183,10307
184,11072
185,13247
186,10838
187,19194
188,10999
189,7285
18a,7362
18b,216
18c,21056
18d,1794
18e,82
18f,279
190,8314
2034,9
191,237
192,1406
193,32
194,21136
195,20848
196,647
197,28
198,1879
199,1042
19a,11513
19b,31
19c,574466
19d,1213
19e,563
19f,1996
1a0,147
1a1,593
1a2,454
1a3,28
1a4,1405
1a6,8377
1a7,24038
1a8,103
1a9,146
1aa,421
1ab,91257
1ac,177
1ad,1423
1af,56
1b0,178
1b1,70
1b2,243
1b3,2028
1b4,61
1b5,342
1b6,125
1b7,29
1b8,293
1b9,15
1ba,33
1bb,141
1bc,326
1bd,988
26a9,81
1be,28
1bf,335
1c0,79
1c1,32
1c2,95
1c3,137
1c4,182
1c5,264
1c6,60
26aa,281
1c8,279
1c9,866
1ca,54
1cb,165
1cc,5
281b,25
1cd,98
1ce,375
1cf,60
1d0,264
1d1,887
1d2,95
1d3,647
1d4,18
1d5,51
1d6,423
2688,165
1d7,36
1d8,124
1d9,13
1da,2
1db,159
2039,7
1dc,2282
1dd,271
1de,114935
1df,2256
1e0,3566
1e1,174
1e2,900
1e3,3643
1e4,14
1e5,43
1e6,79
1e7,82
1e8,17
1e9,167
1ea,125
1eb,206
1ec,89
1ed,41738
1ee,487
1ef,64
1f0,24364
1f1,388
1f2,275
1f3,4516
1f4,358
1f5,55
1f6,79
1f7,97
1f8,11913
1f9,86
1fa,42
1fb,68
1fc,428
27a3,954
1fd,288
1fe,8852
1ff,18
200,28
201,762
202,644
203,48
204,10
205,212
27f0,13
206,42
207,10
208,12214
209,6503
20a,346
20b,226
20c,37
20d,387
20e,58
20f,66
210,115
211,3302
26d3,2
212,133
213,221
214,27
215,11
216,3
217,286
218,98
219,11
21b7,346
21a,7
21b,38
21c,47
21d,26
21e,88
21f,9
220,199
221,110
222,687
223,152
224,644
225,111
226,7242
227,1740
27a4,8
2532,5599
228,5
229,905
203c,1
22a,758
22b,19
22c,11
22d,69
22e,47
22f,70
230,46
231,5
232,677
233,61
234,11
235,66
236,22
237,17
238,118
239,99
23a,141
23b,3367
23c,3969
23d,13
23e,263
23f,44
240,5
241,37
242,62
243,135146
244,2435
245,16
246,42
247,9914
248,113
249,52
27bb,35
24a,23121
24b,138
24c,61
24d,50
24e,37
24f,614
26ab,20
250,48
251,1286
27f1,58
252,10
253,12102
254,13
255,97
256,110
257,269
258,198
259,1303
25a,6121
25b,43
25c,40
25d,31
25e,28847
25f,613
260,54
261,39
262,2
263,3
25ed,1
264,39
265,47
266,60
267,39
268,17
269,8
26a,862
26b,7303
26c,94
26d,145
26e,6
26f,40
270,4
271,210
272,111
273,4461
274,665
275,1455
276,304
277,98
278,66
279,36
27a,458
27b,121
27c,9
27d,14
27e,32
27f,51
280,163
281,28
27a5,38
282,28
283,3
284,553
285,24
286,5
287,84271
288,20
289,88
28a,103
28b,1291
28c,1
28d,426
28e,56
28f,120
290,10
291,976
292,843
293,489
294,361
295,79
296,2
297,141
298,31
299,722
29a,9
2041,2
29b,13137
29c,26
29d,117
29e,34
29f,199
2a0,39
2a1,411
2a2,30
2a3,53
2a4,56
2a5,56
2a6,664
2a7,370
27bc,22
2a8,4
2a9,16
2aa,45
2ab,217
2ac,30
2ad,55
2ae,196
2af,206
2b0,1133
2b1,246
270a,1
2b2,24
2b3,1039
2b4,84
2b5,138
2b6,23
2b7,5631
2b8,284900
27f2,9
2b9,157
2ba,1401
2bb,160
2bc,47
2bd,6
2be,134
2bf,11
2c0,4
2c1,73
26ac,2
2c2,445
25ee,34
2c3,7
2c4,121
2c5,43718
2c6,4
2c7,23
2c8,87
2744,59
2c9,359291
2ca,12041
276c,66
2cb,53
2cc,42
2cd,76
2ce,2136
2cf,1621
2563,72
2d0,374
2d1,22
2d2,441
2d3,114
2d4,5413
2d5,58
270b,119
2d6,131
2d7,69
2d8,17
2d9,11506
2da,164
2db,4284
2dc,31
2dd,172
2de,40
2df,46
2e0,60
2e1,31
2e2,38
2e3,757
2e4,29
2e5,200
2e6,81
2e7,12
2e8,41
27f3,9
2e9,506
2ea,3653
2eb,56
2ec,183237
2ed,61
2ee,446
2ef,56
2f0,292420
2f1,7616
2f2,501
2f3,28
2f4,17
2f5,82
2f6,914
2f7,67
2f8,374
2f9,75
2fa,172
2fb,1393475
2fc,2650
2fd,3776
2fe,135
2ff,50
300,80
301,22544
303,67
304,113
305,105
306,9
307,101
308,27
309,4
2044,2
272a,3
30b,82
30c,45
30d,20
30e,229933
30f,501
310,1312
311,67
312,51
313,950
314,113
315,121
316,415
317,310
318,10
319,161
31a,257
31b,562
31c,27
31d,4756
31e,30574
31f,36
320,7043
281c,5
321,106
322,59
323,769
324,156
325,3087
326,56
327,86
328,183
329,2349
32a,71
32b,54
32c,56
32d,70
32e,48
32f,83
330,68
331,705
332,47
333,115
334,45
335,713
336,199
337,51
338,108
339,93
33a,84
33b,304
33c,85
26ad,109
33d,344
33e,344
33f,96
340,68
341,58
342,1709
343,391
344,63
345,92
346,49
347,207
272b,105
348,1
349,79
34a,87
34b,64
34c,523
34d,577
34e,50
34f,289
350,73
351,49
2689,12
352,107
353,55
354,3215
355,21
356,4
357,48
358,3203
359,569
35a,26
35b,84
35c,27
35d,42
35e,51
35f,262
360,1901
361,5
362,136
363,28
364,1307
365,21
366,584
367,40
368,268
369,20
36a,156
36b,721
2656,1301
270c,1320
36c,237
36d,62955
2047,13
36e,102
36f,32
370,208
371,9
372,21
373,228
374,84
375,2
376,53
377,108
378,4044
21d5,1
379,67
37a,10
37b,7
37c,164
37d,49
37e,9
37f,53
380,155
381,3331
382,142
383,5
384,283
385,380
386,135
387,9
388,244
389,1736
38a,2
38b,3228
38c,77
38d,49
38e,15
38f,105
390,48
391,105
392,6050
393,2
394,8520
395,17
396,214220
397,137
398,40
399,111
39a,61
39b,501
39c,292
39d,65
39e,58743
39f,16919
3a0,26
3a1,104
3a2,42
3a3,10041
3a4,16
3a5,53
272c,2
3a6,573
3a7,74
3a8,190
3a9,43
3aa,17280
3ab,28
3ac,5158
3ad,54
3ae,554
3af,26
3b0,8177
3b1,6
3b2,93
204b,6
3b3,15
3b4,8368
3b5,18
3b6,1
3b7,397
3b8,190
3b9,9
3ba,2
3bb,47
3bc,455
3bd,45
3be,486
3bf,31
3c0,49
3c1,228
3c2,169
3c3,245
3c4,79
3c5,80
3c6,164
3c7,43
3c8,40
3c9,436
3ca,16
3cb,858
3cc,113
3ce,498
3cf,197
3d0,3789
3d1,26
3d2,352
3d3,344
3d4,157
3d5,10045
2590,57
281d,35
3d6,616
3d7,7
3d8,593
3d9,37153
3da,650
3db,8528
3dc,5737
3dd,39
3de,2
3df,19
3e0,185
3e1,183
3e2,83
3e3,105
3e4,299
3e5,144
2669,3
3e6,31
3e7,47
3e8,178
27f4,20
26ae,1
3e9,11
3ea,985
3eb,1390
3ec,464
3ed,1071
3ee,7
3ef,204
3f0,354
3f1,1191
3f2,41
3f3,187
3f4,44
26f1,22
27f5,2
3f5,34
3f6,34
3f7,92
3f8,22
3f9,12
3fa,3661
3fb,696
3fc,132
3fd,4003
3fe,784
3ff,81
400,7
278f,218
401,44
402,38
403,16203
404,206
405,21
2564,4
406,17
407,109
408,4603
409,16
40a,113
40b,21204
40c,3769
40d,64
40e,111
40f,91
410,210
411,7
412,16
413,71
414,1
415,500
417,854
418,330
419,61
41a,1374
27bd,1
270d,4
41b,125
41d,274
41e,104
41f,7
420,126
421,24
422,35
423,1
424,18
425,5011
426,414
427,17
428,19
429,114
42a,123
42b,97
42c,39
42d,29243
42e,98
2591,740
42f,102
430,122
431,300
432,79
433,478
434,61
435,40
436,402
437,13848
438,51
439,790
43a,6
43b,38
43c,102
43d,99
43e,9761
43f,204
440,12
441,2177
442,391
443,102
444,87
445,696
446,865
447,302
448,5550
449,342
44a,191
204e,1856
44b,9786
44c,91539
44d,157
44e,148
44f,131
450,134
451,7
452,36
26f2,58
453,12
454,27
455,210
456,199
457,11
458,644
459,6
2790,14
45a,105
45b,1128
45c,1
45d,451176
45e,10277
27be,9
45f,131
460,66
461,2
27bf,10
27c0,1
462,188
463,155
464,3557
465,1733
466,39
467,99
468,79
469,5
46a,1041
46b,5
46c,4
46d,37
46f,101
470,5
471,317
472,8
473,101
2534,25
474,68
475,103
2791,19
476,232
477,38
478,121
27a6,6
479,67
47a,32
47b,88847
47c,504
47d,84
47e,8
47f,6
480,283
481,1402
482,88
483,1426
484,161
485,50
486,320
26f3,2622
487,447
488,205
2792,3
489,78
48a,52
48b,1699
48c,116
48d,1705
48e,43
48f,529
490,628
491,58
492,571
493,45
494,127
496,674
497,19
499,63910
49a,32
49b,187
49c,2438
49d,2
49e,1114
49f,14
4a1,20
4a2,154
4a3,144
4a4,3328
4a5,662
26af,83
4a6,172
4a7,43605
4a8,97
4a9,16
4aa,4081
27f6,4
4ab,181
272d,798
4ac,125
4ad,5
4ae,352
4af,31
4b0,82
4b1,1
4b2,21
4b3,136
4b4,6
27c1,1
4b5,1718
4b6,2120
4b7,9
4b8,5684
4b9,323
4ba,26
4bb,3495
4bc,22
4bd,264
4be,9781
4bf,34
4c0,1111
4c1,4
4c2,370
2745,37
276d,38
2535,1198
4c3,392
4c4,981
4c5,166
4c7,11
4c9,278
4ca,117
4cb,371
4cc,2086
4cd,132
4ce,2477
4cf,1639
4d0,1298
4d1,858
4d2,126
4d3,296
4d4,26
4d5,2893
4d6,269649
4d7,169
4d8,40
4d9,13
4da,196
4db,119
4dc,125
2054,1
4dd,10667
4de,71
4df,2
4e0,108
4e1,907
4e2,62
4e3,238
27a7,1
4e4,162
4e5,30
4e6,40
4e7,388
4e8,7309
4e9,20
4ea,102
270e,10
4eb,166
4ec,2134
4ed,751
4ee,32
4ef,408
4f0,29
4f1,426
4f2,44
4f3,254
4f4,1021
4f5,30
4f6,53
4f7,308
4f8,4870
4f9,18
4fa,85
4fb,33
4fc,422
4fd,128
4fe,13
4ff,192
500,16
501,409
502,10
503,770
504,197
505,5048
506,75
507,91
508,638
509,153
50a,148
50b,524
50c,82
50d,19
50e,49
50f,26
510,82
511,51
512,7832
513,11
514,45
515,25
516,10
517,40
518,11
519,5321
270f,5
51a,25
51b,135
51c,25
2056,40
51d,7
51e,205
25f0,39
51f,85
26b0,1601
520,68
521,5
522,64
523,5819
524,52
525,748
2710,18
526,809
527,118
528,83
529,708
52a,321
52b,6328
52c,197
52d,21
27f7,15
52e,11
52f,99403
530,25
531,281
532,1074
533,2400
534,48
535,115
536,887
537,465
538,19
539,36
53a,216
53b,517
53c,19
53d,68
53e,23
53f,138
27c2,3
540,99
541,922
542,678
543,14
544,122
545,116
546,16
547,489
548,26
549,6
54a,6
2793,3
54b,47
54c,19572
54d,843
54e,54
54f,26
550,104
2593,814
551,9
552,7
553,353
554,2
555,21
556,55
557,850
558,113
559,1008
55b,25535
55c,187927
55d,13
55e,11
55f,477
560,33
561,10
562,59
26b1,90
2058,1
563,64
27a8,93
564,149
565,99
566,8
567,15
2536,3
568,35
569,54
56a,19
56b,18170
56c,48
2594,55
276e,769
56d,70
27c3,2
27c4,20
56e,82
27c5,4
56f,10672
570,18
571,428
572,1780
573,23
574,77042
575,2208
576,158
577,1579
578,3032
579,2882
57a,91
57b,25
57c,3
57d,62
57e,136
57f,1498
580,705
581,49
582,896
583,94
584,76
585,116
586,82
587,29
588,29
589,63
58a,18
58b,48
58c,59
58d,25
58e,757
58f,16447
2617,9144
590,5025
591,4254
592,151
593,539
594,27
595,44
596,68
597,192
598,121
599,298
59a,57
59b,959
59c,1
59d,45
59e,337
272e,2
59f,232259
5a0,439
5a1,266
5a2,8
5a3,7
5a4,181
205a,3
5a5,164
5a6,362
5a7,1407
5a8,287
5a9,125923
5aa,48
2746,439
276f,172
5ab,5
5ac,35
5ad,3
5ae,16
5af,37
5b0,5
5b1,330
5b2,469
205b,5
5b4,31
5b5,209
5b6,13
5b7,527
5b8,89
5b9,125
5ba,38
5bb,610
5bc,41
5bd,261
5be,3201
5bf,48
5c0,48
5c1,29
5c2,2
5c3,32
5c4,241
5c5,158
5c6,38
281e,65
5c7,627
5c8,18
266c,434
5c9,25
5ca,5
5cb,28
27c6,46
5cc,2502
5cd,8
5ce,194758
5cf,22
5d0,45
5d1,648
5d2,3017
5d3,187
5d4,295
5d5,7
2619,119
5d6,33
5d7,48
5d8,20
5d9,32
205d,11
5da,1080
5db,4
5dc,1204
5dd,343
5de,81
5df,183
5e0,2740
5e1,1492
5e2,85
5e3,583
5e4,11
5e5,513
5e6,21
5e7,55
2658,101
5e8,266
5e9,901
5ea,153
5eb,237
5ec,4147
5ed,25
5ee,11
5ef,29
5f0,12
5f1,10
5f2,51
5f3,59
5f4,41
5f5,12
5f6,13
5f7,30
5f8,4173
5f9,289
5fa,6
5fb,192
5fc,100
5fd,88
5fe,14
5ff,238
600,753
601,2435
602,413
603,66
604,1177
605,60
606,53
607,6460
608,3631
609,380
60a,18
60b,4
60c,97
60d,40
60e,36
60f,84
610,31305
611,30
612,91
613,59
614,318
615,26
616,139
617,15
618,94
2747,224
619,17
25f2,25
61a,5871
61b,127
61c,74
61d,43
61e,14
61f,487
620,73
621,59
622,1875
623,354
2061,12
624,44
625,44
626,649
627,109
628,155
629,2535
62a,718
2231,53
62b,5
62c,6
62d,69
62e,59
62f,366
630,250
631,72
632,35
633,27
634,763
635,926
636,13
637,145
638,124
27c7,1
639,50
63a,8214
63b,268
63c,75
63d,185
63e,32
63f,50
640,382
641,119
642,557
643,40
644,13228
645,10026
646,14
647,29
648,72
649,209020
64a,1774
64b,24668
64c,51
64d,88993
64e,85571
64f,104
650,11314
651,7748
652,47
2566,2193
653,178
654,252
655,30
656,5486
657,56
658,46
659,8
65a,168
65b,146
65c,39
65d,158
65e,304
65f,65
660,1087
661,22
662,459
663,320
664,11764
281f,4
27c8,1
665,7069
666,46
667,105
2063,1
668,292
669,2930
66a,11
66b,75
66c,199
66d,13832
66e,128
26d4,14
66f,62
670,120
671,37
672,1930
673,24
674,8401
2065,1
675,275
676,1925
677,276
26b2,6
678,85
679,131
67a,142
67b,51926
67c,388
67d,6533
67e,4541
67f,263
680,88
681,32312
682,5
683,5
684,203
685,138
686,420
687,538
688,19791
689,12
68a,9
68b,4
68c,1704
68d,6
68e,1499
68f,9
690,2
691,68
692,510
693,42
694,14
695,22
261b,92
696,33
2067,4
697,188
2820,145
698,232
699,2
69a,101
69b,328
69c,13
69d,70
69e,62
69f,6
6a0,125
6a1,9
2748,108
6a2,22
6a3,43
6a4,39
6a5,74
6a6,228
6a7,57
6a8,30
6a9,14
6ab,165
6ac,22964
6ad,21
6ae,20
25cd,652
6af,75
6b0,47
6b1,4207
6b2,141
6b3,75
6b4,1026
6b5,16116
6b6,70
6b7,33
6b8,18
6b9,2949
6ba,17
6bb,316
6bc,40
6bd,264
6be,33
6bf,60
6c0,150
6c1,399
6c2,1
6c3,114
6c4,45
6c5,598
6c7,42
6c8,27
6c9,813
6ca,33
6cb,5
6cc,54
6cd,92
6ce,5198
6cf,7065
6d0,61
6d1,6
6d2,1816
6d3,37
6d4,6
6d5,85
6d6,127
6d7,22
6d8,250
6d9,26
6db,180
6dc,7
6dd,195
6de,5968
6df,3
6e0,33
6e1,28
272f,12
6e2,9
6e3,169
6e4,551
6e5,113
6e6,2472
6e7,78
6e8,18
6e9,186
6ea,37
6eb,7
6ec,21
6ed,8246
26f4,73
6ee,52
6ef,82
6f0,659
6f1,4601
6f2,165
6f3,43
2711,353
6f4,23
6f5,66
6f6,481
6f7,112
6f8,81
6f9,48
6fa,105
6fb,38
6fc,61
6fd,14
2730,140
6fe,11
6ff,803
700,59
701,813
268b,101
702,392
703,75
704,33
705,85
706,328
707,65
708,41936
709,114
70a,323
70b,704
70c,258
70d,161
70e,7
70f,51
710,564
711,413
712,32
713,53
714,32087
715,3058
716,296
717,153
718,3
719,6
71a,15
71b,232
71c,6493
71d,819
71e,236
71f,2
720,14
721,88
722,31
723,5
724,21853
725,37
26f5,515
726,10410
727,729
26b3,1
728,342
729,47
72a,35
72b,78
72c,6522
72d,37
72e,20
72f,81
730,7
731,155
732,32
733,17
734,3
735,95
736,5
737,3621
738,174
206d,9
739,6723
73a,4
206e,1
73b,21
73c,261
73d,168
73e,104
2070,21
73f,87
740,176
741,91
742,94
743,87
744,79
745,4
746,1784
747,47
748,112
749,22
74a,41
74b,74
74c,1505
2071,5
74d,510
74e,15
74f,9
750,50
751,22
27a9,48
26d5,117
752,45
753,33
754,64
755,20
756,5171
757,769
758,612
759,131
75a,138
266d,114
75b,36
75d,14633
75e,162
75f,36
760,15
761,129
762,235
26f6,3384
763,17
764,27
765,245
766,69
26d6,145
27c9,23
767,1009
768,3707
769,91
76a,2
76b,585
76c,7240
76d,181
76e,5999
76f,3878
25f4,941
770,2614
771,183
772,792
773,91
774,4
775,342
776,52
777,49
778,62
779,88
77a,2
77b,544
77c,110
77d,113
77e,748
77f,263
780,8
781,3
782,42
783,51
784,60
785,51
786,60
787,135
788,1088
789,113
78a,9
78b,27056
78c,17
78d,77
78e,827
78f,7
790,13
791,352731
792,5556
261c,310
793,1963
794,2
795,10
796,1252
797,93
798,56
799,264
79a,46514
79b,25
79c,60
79d,3549
79e,450
79f,5149
7a0,3495
7a1,670
7a2,53
7a3,346
7a4,2347
7a5,3
7a6,230
7a7,7
7a8,3
7a9,59
7aa,202
7ab,166
7ac,61
268c,2
7ad,8
7ae,1731
7af,61
2770,442
27ca,105
7b0,652
7b1,7
7b2,27
7b3,505
7b4,53
7b5,99
26b4,789
7b6,259
7b7,13
7b8,56
7b9,82
268d,3
268e,152
2265,3
7ba,1006
27cb,43
7bb,1559
7bc,4
7bd,20
7be,36
7bf,59801
7c0,1
7c1,7
7c2,6
7c3,2
7c4,44828
7c5,231
7c6,756
7c7,28
7c8,130
7c9,240
7ca,298
7cb,8
7cc,235
7cd,1
7ce,1
27cc,1
7cf,107
7d0,89
7d1,710
7d2,2
7d3,371
7d4,417
7d5,32
7d6,93
7d7,45594
7d8,52
7d9,45896
7da,234
7db,39
7dc,148
7dd,10
7de,6
7df,2830
7e0,239
7e1,27
7e2,487
7e3,46870
7e4,16
7e5,3054
7e6,354
7e7,37
7e8,303
7e9,3011
7ea,118
7eb,30
7ec,722
7ed,73
7ee,172
7ef,92
7f0,349
7f1,47
7f2,91
7f3,17
7f4,56
7f5,630
7f6,298
7f7,754
7f8,62
7f9,447
7fa,2
7fb,220
7fc,6
2595,32
2072,5
7fd,11
7fe,865
7ff,46
800,534190
801,18751
802,108
803,305
804,3454
805,461
806,4910
807,3293
808,1208
809,427
80a,48
80b,28177
80c,3230
80d,62
80e,294
2074,3
80f,2
810,99
811,56
812,929
813,3190
814,1430
815,90
816,680
817,773
818,1405
819,65
81a,19
27cd,18
81c,231
81d,105
81e,6839
81f,1383
820,165
821,16333
822,54
823,1182
27aa,2
824,43637
2771,19
825,383
826,678
827,56
828,68
829,25
82a,44836
82b,55
82c,42772
82d,11
82e,31
82f,88
830,14
831,369
832,57
833,55
834,828
835,48
836,4003
837,387
838,79
839,538
83a,1141
83b,23
83c,26
83d,156
83e,74
83f,37
840,149
841,7469
842,334
843,82
844,6
845,50
846,812
847,21
848,87
849,34
84a,114
2272,30
84b,151
84c,2158
266e,40
84d,748
84e,111
84f,67
850,6
851,6
852,53
2597,128
853,2558
854,451
855,1179
856,10050
857,12
858,934
2274,1
859,6
85a,3
85b,50341
85c,45
27f8,67
85d,56
85e,4566
85f,1
860,48
861,303303
862,832
863,9
864,17709
865,837
866,55
867,242
868,155
869,49171
86a,6
86b,1
86c,174
86d,514772
86e,1379
86f,16
870,1462
871,124
27ce,5
872,270
873,120
874,80
875,108
876,37
877,1053
878,565
879,56
266f,778
87a,445
87b,671
87c,456
87d,26
87e,88
87f,6
880,146
881,228
882,106
883,46
884,65
885,947
886,452
887,831
888,189
88a,167
88b,33
88c,93
88d,294
88f,542
890,141
891,300
892,70
893,223
894,440
895,52
896,8
897,8
898,76
899,84
89a,18
89b,20
89c,324
89d,15
89e,110
89f,19393
8a0,4396
8a1,597
8a2,10
8a3,411
8a4,9088
26b5,18
8a5,305
8a6,52702
8a7,328671
8a8,7019
8a9,42
8aa,6
8ab,38809
8ac,7689
8ad,115753
8ae,129
8af,36
26d7,1
8b0,154
8b1,30
8b2,2098
8b3,267
8b4,2
8b5,3
8b6,29
8b7,118
8b8,395
8b9,2
8ba,13
8bb,26
8bc,21
8bd,204
2079,4
8be,12890
8bf,347
8c0,2
8c1,88
8c2,64
8c3,13
8c4,52
8c5,85
8c6,3
8c7,5
8c8,20
8c9,5184
8ca,8
8cb,107
8cc,394
8cd,23
25f5,13282
8ce,41
8cf,53
8d0,174
8d1,460
8d2,2095
8d3,78
8d4,95
8d5,172870
8d6,215
8d7,668
8d8,353
8d9,65
8da,3
8db,210
8dc,2
8dd,6
8de,90
8df,1
8e0,49
8e1,10161
2569,1
8e2,22
8e3,41
8e4,8825
8e5,850
8e6,3355
8e7,45
8e8,48
8e9,147
8ea,89
259b,49
8eb,10
8ec,107
26b6,388
8ed,908
8ee,207
8ef,24
26b7,6
8f0,457
8f1,72
8f2,255
8f3,9296
8f4,260
8f5,1
8f6,42
8f7,12970
8f8,40
8fa,32
8fb,391
207b,1
8fc,1144
8fd,263647
8ff,62
900,838
901,638
902,3970
903,6169
2749,1653
259c,1
207c,3
207d,2
904,93
905,2
906,256
907,1
908,134
909,5081
90a,61
90b,160
90c,121
27f9,73
90d,53286
90e,28286
90f,6840
910,63
911,82198
912,451
913,156340
914,16
915,504
916,465
917,13
918,71
919,2999
91a,42
91b,16
91c,2135
91d,179
91e,1186
91f,430
920,54
921,142
922,2
923,17
924,17
925,146574
268f,39
927,286
928,4
929,56
92a,46
92b,87
92c,87
92d,85
92e,158
92f,155
930,25
931,34
932,4
933,78
934,347
935,13
936,2
937,9938
938,59
939,32
93a,75
93b,227
93c,6
93d,357
93e,42
228d,4
940,237
941,66
942,58
943,73
944,374206
945,24
946,204
947,100
948,44
949,22452
94a,44
94b,74
94c,52
94d,427
94e,33
25cf,77644
94f,2646
950,837975
951,274
952,196
953,2719
2292,2
954,101
955,300
2081,3
956,3
957,40
958,21
2731,33
2712,45
959,1964
95a,200
95b,19
95c,7322
95d,518
95e,75213
95f,111
960,1632
961,2032
962,180
963,13
964,367
2083,4
965,630
966,117
967,18
968,27
969,56
96a,288504
96b,2181
96c,685
96d,84
96e,1605
96f,74
970,119
26b8,203
971,436
972,39
973,190
974,4
975,341739
976,424
977,879
978,16
979,39
97a,15
97b,61
97c,218
97d,72
97e,9
97f,65
980,1251
981,43
982,302
983,193
2297,1
984,198
985,11998
986,159
987,18417
988,2427
989,26763
98a,20
98b,6787
98c,7
98d,357
261d,2660
98e,30
98f,81
990,8
991,4
992,31
993,35
994,132
995,10031
996,11
997,28
998,4
999,36
99a,63
99b,20
99c,157
99d,54153
99e,617
99f,10
9a0,67
9a1,5
9a2,20
9a3,15
9a4,19
9a5,40
9a6,65
9a7,69
256a,226
9a8,35
9a9,487
9aa,94
9ab,556
9ac,82
9ad,60
9ae,380
9af,61
9b0,933
9b1,1457
2086,5
9b2,196
9b3,1714
9b4,76
9b5,10
9b6,36
9b7,87
9b8,1151
9b9,4
9ba,63
9bb,1
9bc,807
9bd,947
9be,3
9bf,64
9c0,9
9c1,8
9c2,23
9c3,78
9c4,52
9c5,31
9c6,1750
2821,18
9c7,58
9c8,30
9c9,62
9ca,1192
9cb,193
26b9,707
9cc,446
9cd,23
9ce,78
9cf,2885
9d0,75
9d1,244
9d2,41
9d3,1784
9d4,20
9d5,40
9d6,6765
9d7,36122
9d8,17
9d9,134
9da,186
9db,144
9dc,220
9dd,53
9de,302
26d8,3
9df,26
9e0,190
9e1,6
26ba,45
9e2,52
9e3,63
259d,103
9e4,347
9e5,1596
9e6,473
9e7,1270
9e8,61
2732,112
9e9,61
9ea,469
9eb,66
9ec,1103
9ed,116402
27cf,1
9ee,69
26f7,6
9ef,11481
9f0,214
9f1,22
9f2,284
9f3,3
9f4,4
9f5,1483
9f6,8679
9f7,13875
9f8,603165
9f9,5124
9fa,58447
9fb,168
9fc,1155
9fd,691
9fe,1616
9ff,43
a00,1
a02,1822
a03,643
a04,45
2089,6
a05,24
a06,17310
a07,38
a08,281
a09,19
a0a,14655
a0b,1108
a0c,8623
a0d,108
a0e,8
a0f,10
a10,36
a11,43
a12,61
a13,3
a14,178
a15,942
a16,698
a17,422351
25f6,76
a18,358
a19,110
a1a,505
2772,43
a1b,419
a1c,99
a1d,157
a1e,140
a1f,82
a20,189
a21,89
a22,16
a23,89
a24,11
a25,61
a26,6
a27,14273
a28,45
a29,316
a2a,104
a2b,34368
a2c,4
a2d,53
a2e,76462
a2f,719
a30,131
a31,90
a32,13178
a33,30
a35,416
a36,876
a37,62
a38,277464
a39,30
a3a,52
a3b,3478
a3c,993
a3d,2
a3e,356
a3f,23
a40,304778
a42,362616
a43,630
2690,1
a44,213
a45,47
a46,53
a47,97
a48,74
26bb,82
a49,177
a4a,829
a4b,124
a4c,5095
a4d,2005
a4e,70
a4f,21
a50,319
a51,18
a52,20609
208d,2
a54,50
a55,411
a56,705
a57,661
a58,2243
a59,5472
208e,28
a5a,795
a5b,104
a5c,32
a5d,72
a5e,48696
a5f,1
a60,1863
a61,31
a62,34
a63,113
a64,26
a65,42
a66,87
a67,69
2822,34
a68,4267
2644,111
27fa,24
a69,653
a6a,1576
a6b,13432
2691,2
a6c,34
a6d,1102
a6e,146
a6f,2
a70,29
a71,61
a72,2149
a73,26253
a74,172
a75,130
a76,353
a77,11
a78,72
a79,89
a7a,40
a7b,12044
a7c,727
a7d,95
a7e,88
a7f,93
a80,3578
a81,404
a82,81
a83,11281
256d,5451
a84,57
a85,1935
a86,417
a87,51
a88,93
a89,6094
a8a,61
a8b,42
a8c,51
a8d,31
a8e,39
a8f,3937
a90,635
a91,74
a92,6
a93,1331
a94,228
a95,21
a96,1031
a97,28
a98,28
a99,117
a9a,41
a9b,79
a9c,256
a9d,17
a9e,53
a9f,14
aa0,233
aa1,32
aa2,16
aa3,21
aa4,537
aa5,1253
aa6,2285
aa7,105
aa8,20
aaa,23
aab,99
aac,1387
aad,1798
aae,4
aaf,12502
ab0,535
ab1,184
ab2,156854
ab3,94654
ab4,82
ab5,832
ab6,45
ab7,2469
ab8,3
ab9,95
aba,50
abb,242
abc,80
abd,152
abe,180
abf,32
ac0,633
ac1,163
ac2,312
ac3,33
ac4,2
ac5,202
ac6,13
ac7,31
ac8,22
261e,215
ac9,176
aca,54846
acb,23791
acc,347
2090,3
acd,263
ace,4363
acf,4207
ad1,7641
ad2,150
ad3,189
ad4,948
ad5,1
ad6,4
ad7,374
ad8,5999
ad9,12849
ada,271907
adb,55
adc,68
add,89
ade,44
adf,46
ae0,15
ae1,106030
ae2,147
ae3,32
ae4,11
ae6,84
ae7,634
ae8,18
ae9,127
aea,11106
aeb,51
aec,25
aed,589
aee,46
aef,30
af0,1370
af1,70
af2,41
af3,1498
af4,182
af5,140
af6,57
af7,470
af8,521
af9,8926
afa,2935
afb,5638
afc,36095
afd,2660
afe,7403
aff,114
b00,2
b01,134
2092,4
b02,100
b03,7168
b04,84
b05,6
b06,10382
b07,34441
b08,3184
b09,397
b0a,65
b0b,2411
27fb,1
b0c,267
b0d,4
b0e,16266
b0f,36
b10,1296
b11,38378
b12,687
b13,86
b14,1109
b15,831
b16,16906
b17,120
b18,44
b19,65
b1a,1250
b1b,136
b1c,3
b1d,661
b1e,1441
b1f,667
b20,102
b21,168
b23,21
b24,235
b25,94
b26,26
b27,176
b28,35543
27ab,3
b29,57
b2a,38
2094,16
b2b,14832
b2c,47
b2d,100
b2e,135
b2f,8790
b30,8260
b31,268
b32,229
b33,147
b34,182
b35,131
b36,40
b37,10
2733,1
b38,29
b39,203
b3a,376
b3b,72
b3c,301
b3d,6
b3e,42
b3f,96
b40,1046
b41,21
b42,112
b43,34
b44,14
b45,3
b46,10
b47,55
b48,380
b49,91
b4a,661
b4b,6866
b4c,596
b4d,46
b4e,149
b4f,72
b50,17
b51,514
b52,4882
b53,76
b54,64
b55,106
b56,1462
b57,49
b58,95
b59,331
b5a,18
b5b,397168
b5c,625
b5d,1489
b5e,77
b5f,11
b60,50
b61,4192
b62,110
b63,276
b64,1257
b65,2
b66,875
b67,88
b68,1225
b69,21
b6a,83
b6b,354
b6c,270
b6d,50
b6f,150
b70,49
b71,59
b72,333
b73,337
b74,5685
b75,848
b76,30546
b77,801
b78,61
b7a,35
b7b,210409
b7c,6
2794,9
b7d,148
b7e,58
b7f,180
b80,75
b81,4
b82,120
b83,269
27fc,38
b84,18
b86,26
b87,55
b88,6680
b89,230
b8a,115106
b8b,11
b8c,127053
b8d,324
b8e,244
b8f,4591
b90,11256
b91,214
b92,62
b93,2012
b94,67
26d9,23088
25a5,6976
b95,80
b96,4125
b97,4
b98,114
b99,29
b9a,72
26bc,114
b9b,8
b9c,16
b9d,200
b9e,8
b9f,48
ba0,20
ba1,193
ba2,714
ba3,1653
22c1,30247
ba4,419
25f7,445
ba5,43
ba6,209
ba7,62
ba8,29
ba9,31
baa,25396
bab,3995
bac,129
bad,1382
bae,515
baf,66652
bb0,4
bb1,14876
bb2,9
bb3,29875
27d0,10
bb4,33
2673,30
bb5,3
bb6,141
bb7,297
bb8,145
bb9,24
bba,402
bbb,990
bbc,964
bbd,172
bbe,203
bbf,3
bc0,20
bc1,701
bc2,492
27fd,1
bc4,3
bc5,20
bc6,78
2823,2
2734,167
bc7,593
bc8,4
bc9,1
bca,383
bcb,23
bcc,76
bcd,123
bce,573
bcf,101
bd0,24
bd1,10
bd2,10
bd3,59
bd4,10
bd5,8
bd6,215
bd7,5
bd8,125
bd9,213
bda,248
bdb,184
bdc,55
bdd,49
bde,49
bdf,86
be0,51
be1,464
be2,70
be3,86007
be4,73
be5,1214
be6,95
be7,220
be8,1665
be9,25
bea,3
beb,14401
bed,92
bee,5
bef,21387
bf0,531
bf1,10
bf2,69
bf3,257
bf4,2040
bf5,65
bf6,6469
bf7,1240
bf8,17
bf9,1092
bfb,87
bfc,27
bfd,40094
2824,25
bfe,78
2773,2218
bff,13501
c00,1924
c01,61
c02,619
c03,26897
c04,80
c05,2059
c06,803
c07,176
c08,1
c09,3908
c0a,153
c0b,1
2692,87
c0c,51
c0d,103
c0e,641
c0f,3
c10,29
c11,133
c12,162
c13,198
c14,46
c15,117
c16,368
c17,453
c18,143
c19,53
c1a,75
c1b,105
c1c,61
c1d,572
c1e,26
c1f,1484
c20,148
c21,1671
c22,313
c23,1527
209b,1
c24,88
c25,229
c26,328
c27,28
c28,222
c29,21
c2a,18
25d5,118
c2b,378
c2c,14
c2d,20
c2e,84
c2f,251
c30,180
c31,1053
c32,9
c33,11
c34,5361
c35,23936
c36,515549
c37,228
22d8,1
c38,259
c39,8
c3a,4580
c3b,35
c3c,224
c3d,36
c3e,43
c3f,33
c40,139
c41,882
c42,34
c43,110
c44,99
c45,45
c46,36
c47,129
c48,9
c49,121
c4a,897
c4b,158
c4c,8
c4d,5
c4e,219343
c4f,11184
c50,2952
c51,136
c52,886
c53,5
c54,17
c55,24
c56,67
c57,54
c58,50
c59,796
c5a,40867
c5b,2125
c5c,33
c5d,5573
c5e,128
c5f,41
c60,72
c61,377
c62,1326
c63,32
c64,513
c65,600
c66,34
c67,88
c68,33
c69,13
c6a,417
c6b,344
c6c,1036
2825,1
c6d,8
c6e,4072
c6f,110
22e1,9
c70,2364
c71,1254
c72,702
c73,159
c74,249
c75,45
c76,5025
26bd,5
26be,7
c77,310
c78,528
c79,733
c7a,446
c7b,6
c7c,59
c7d,222
c7e,2235
c7f,112
c80,211
c81,6
c82,115
c83,75
c84,36
c85,42
c86,879
c87,139
c88,148
c89,278
c8a,8
c8b,36
c8d,23
c8e,656
c8f,742
c90,48
c91,687
c92,12
c93,65
c94,120
c95,48
c96,18
c97,8
c98,4946
c99,66
c9a,945
c9b,3
2774,48
c9c,1
25a6,45
c9d,3017
c9e,19
c9f,591
ca0,790
ca1,21584
ca2,64
ca3,36
ca4,452
ca5,936
ca6,23
ca7,7996
ca8,186
ca9,2621
caa,6
cab,2851
cac,45
cad,355
cae,34
caf,26
cb0,7797
26bf,166
cb1,19
cb3,42
cb4,2
cb5,425
cb6,495
cb7,24
cb8,5
cb9,488
cba,22
cbb,197
cbc,135515
cbd,16034
cbe,463
cbf,124
cc0,1100
274a,51
cc1,5499
cc2,544
cc4,249
cc5,27
cc6,455
cc7,21
cc8,17
cc9,97
cca,106
ccb,103
ccc,1422
ccd,3079
cce,11068
ccf,185
cd0,112
cd1,40
22e8,1
cd2,133
cd3,20827
cd4,966
27fe,12
cd5,53
cd6,44536
cd7,402
cd8,165
cd9,49
cda,663
cdb,26485
cdc,5555
cdd,70
cde,41
cdf,926
ce0,54
ce1,969
ce2,48
ce3,4042
ce4,793
ce5,29
ce6,58
ce7,23
ce8,4527
ce9,137
cea,2002
ceb,103
cec,97
ced,2486
cee,7595
cf0,2
cf1,20
cf2,58
cf3,197
cf4,4
cf5,58
cf6,20233
cf7,70
cf8,1
cf9,204
cfa,211
274b,3
cfb,26
cfc,18
cfd,98
cfe,68
cff,384
d00,4
d01,2481
2693,1
d02,1309
d03,13132
d04,1785
d05,1674
d06,30
d07,2302
d08,59
d09,11
d0a,37
d0b,355
d0c,2167
d0d,18
d0e,432
d0f,313
d10,1265
d11,2208
d12,95
d13,404
d14,48
27ff,14
d15,324
d16,138
d17,62
d18,23
d19,12
d1a,8
d1b,90
d1c,349
d1d,54
d1e,18745
d1f,13
d20,421471
d21,86932
d22,102
d23,1219
d25,38
d26,252931
d27,73
d28,36
d29,71
d2a,143
d2b,17
d2c,106
d2d,219
d2e,26
d2f,4
d30,194
d31,203
d32,19
d33,70
d34,544
d35,61
d36,8
d37,197
d38,43
d39,2
d3a,158944
d3b,58
d3c,15783
d3d,8
d3e,12
d3f,40
d40,8
d41,73
d42,11
d43,15996
d44,35
25f8,69
d45,479
d46,7349
d47,256
d48,231
d49,129
d4a,1
d4b,73
d4c,2
d4d,87
27d1,1
d4e,148
d4f,50
d50,10
d51,69
d52,117
22f5,1
d53,263
d54,1113
d55,1495
d56,10
d57,3
d58,6
d59,186
22f8,3
d5a,154
d5b,26235
d5c,312
d5d,152007
22f9,140
d5e,28
d5f,62
d60,6
d61,439
d62,87
2775,79
d63,37
d64,34
d65,129
2713,120
d66,66
d67,28809
d68,203
d69,16553
d6a,1104
d6b,46340
22fc,76
d6c,5545
d6d,453
d6e,27
d6f,19
d70,528
d71,46
d72,105
d73,571
d74,52
d75,77
d76,77
d77,20
d78,87
d79,568
d7a,40
26da,72
2800,2
d7b,2
d7c,185
d7d,171
d7e,82
d7f,385
d80,386
27d2,1
d81,100
d82,30
d83,247
d84,564
d85,799
d86,56
d87,375
d88,33
d89,2367
d8a,2
d8b,25
d8c,5625
d8d,13
274c,190
274d,1
d8e,281
d8f,461
d90,110
d91,328
d92,118
d93,932
d94,4
d95,93
d96,709
d97,88
d98,43
d99,17
d9a,12
d9b,1228
d9c,476
2675,54
d9d,35
d9e,449
d9f,804
da0,65955
da1,13
da2,370
da3,93
da4,162
da6,14
da7,270
da8,27
da9,27
daa,895
2826,12
dab,177
dac,82
dad,304
dae,2726
2735,3050
daf,1
db0,79
db1,13906
db2,1391
db3,245
db4,39
db5,80
db6,3
db7,21
db8,54
db9,77
dba,151
dbb,39
dbc,31
dbd,269
dbe,125
dbf,739
dc0,313
dc1,663
274e,31
dc2,20
dc3,82
dc4,152
dc5,36
dc6,1
dc7,572
2795,5
dc8,8
dc9,129
dca,18
dcb,968
dcc,635
dcd,148
dce,21
dcf,315
dd0,5731
dd1,465
27ac,57
dd2,79
dd4,107
dd5,95
dd6,256
dd7,17
dd8,187935
dd9,79
dda,2131
2736,1
ddb,44
ddc,113
ddd,21
dde,2
ddf,4
de0,62
de1,69
de2,357
de3,3118
de4,22
de5,136
de6,94
de7,58
de8,15
de9,400
dea,1957
deb,2653
dec,421
ded,28
dee,1346
def,172
df0,297
df1,1673
df2,52368
df3,107
df4,824
274f,55
27ad,68
df5,36
2571,52
df6,11322
df7,20
df8,292
df9,25
dfa,52
dfb,4774
dfc,375
dfd,47
dfe,31
dff,129211
e01,1
e02,5
e03,3
e04,195
e05,268
2694,299
e06,348
e07,2196
e08,5820
e09,27
e0a,403
e0b,48
e0c,702
e0d,17
e0e,217
e0f,179
e10,40
e11,219
e12,1142
e13,859
e14,171
2827,3
e15,47
e16,30621
e17,18
e18,44
e19,70
e1a,10
e1b,34
e1c,16
e1d,77
e1e,136
e1f,90
e20,16
e21,2
e22,5
20a8,21
e23,1382
25d7,15
2695,2
e24,53
e25,323
e26,83
26f8,62
e27,1583
230d,32
e28,334
e29,27
e2a,106
e2b,175998
e2c,413
e2d,86
230e,11
e2e,580
e2f,835
e30,24
e31,244
e32,434
e33,22
e34,42
e35,83
e36,746
e37,3
e38,48
e39,51
e3a,17
e3b,282
e3c,1347
e3d,285
e3e,1
e3f,15
e40,11
e41,15
e42,44
e43,81
253e,119
2796,5
e44,32
25fc,97
e45,7836
e46,73627
e47,213
e48,147
2676,98
e49,3347
e4a,1033
e4b,25
e4c,2
e4d,67
e4e,168
e4f,151
e50,14
e52,104
e53,69810
e54,9
2696,1
e55,34
e56,70
e57,189
e58,552
e59,83
e5a,1516
e5b,332
e5c,8449
e5d,2
e5e,4
e5f,164
2828,43
26f9,991
e60,60
e61,84
e62,50
e63,62
e64,29
e65,194
e66,126
e67,47
e68,110
e69,50
e6a,27
e6b,19
e6c,14055
e6d,63
e6e,190
e6f,19
e70,1186
e71,3159
e72,23
e73,266
e74,168
e76,78051
e77,106
e78,3604
e79,1172
253f,1108
e7a,15
e7b,1028
e7c,13
e7d,160
e7e,13
e7f,603
e80,17
e81,151
e82,4842
e83,37
e84,118
20ab,2
e85,224
20ac,9
e87,357
e88,3
e89,21
e8a,5603
e8b,34366
e8c,19
e8d,74
e8e,1211
e8f,91
e90,2
e91,1028
e92,262
2714,1
e93,130110
e94,73
e95,10
e96,46842
e97,100401
e98,56
e99,85
2315,3
e9a,106275
e9b,9603
e9c,10666
e9d,78540
e9e,6
2737,37
e9f,51
ea0,91
ea1,61
ea2,25
ea4,327
2715,1
ea5,401
ea6,21367
ea7,105
ea8,249
ea9,28
eaa,242
eab,150
eac,908
ead,111
eae,420210
eaf,2177
eb0,5
eb1,24736
eb2,2916
eb3,51
eb4,250
eb5,151
eb6,84
eb7,5
eb8,161
20b0,23
eb9,1869
2750,147
eba,1
2677,29
ebb,16
ebc,24868
ebd,4
ebe,66
ebf,533
ec0,1
ec1,24
ec2,90
ec3,24
ec4,6
ec5,13
ec6,77
ec7,6
ec8,143
ec9,2209
eca,25
ecb,4
ecc,10814
ecd,268
ece,120903
ecf,199
ed0,87
26fa,6
ed1,9578
ed2,98
ed3,22
ed4,99797
ed5,15
ed6,46102
ed7,251
ed8,9388
ed9,8
eda,219
edb,10
edc,3
edd,16
ede,312
edf,3
ee0,842
ee1,99
ee2,58
ee3,7
ee4,19399
ee5,6
ee6,49
ee7,230
ee8,3
ee9,4
eea,2025
eeb,812
eec,2709
eed,1
eee,1377
eef,148
ef0,17
ef1,168459
ef2,307
ef3,104
ef4,24230
ef5,58
ef6,36
ef7,16
ef8,238
ef9,6319
efa,57
efb,158340
efc,755
efd,12406
efe,34
eff,85
f00,285
f01,920
f02,42
f03,420
f04,1026
f05,382448
f06,27841
f07,2
f08,125
f09,99
f0a,13
f0b,5196
20b2,8
f0c,20
f0d,34
f0e,20
f0f,288
f10,4
f11,2109
f12,5723
f13,141
f14,2197
f15,2
f16,3163
f17,157950
f18,88
f19,9
f1a,716
f1b,869
f1c,898
f1d,592
f1e,408
f1f,8601
f20,6
f21,3
f22,3
f23,69
f24,157771
f25,240
f26,1
f27,41
f28,611
f29,3
f2a,142
f2b,125
f2c,63
f2d,211950
f2e,1376
f2f,85
f30,46
f31,34
f32,2222
f33,377
f34,56
f35,108
f37,119
f38,89
f39,327
f3a,859
f3b,5541
f3c,20
f3d,138463
2647,461
20b4,37
f3e,31
f3f,51
f40,1141
f41,28676
f42,57
f43,9355
f44,538
f45,30
f46,38
f47,41575
f48,159218
f49,7
20b5,11
f4b,14454
f4c,19158
f4d,8475
2738,18
2776,4
f4e,137
f4f,221
f50,35
f51,2003
f52,1125
f53,58
2801,41
f54,180
f55,482
f56,151
f57,13
f58,422
f59,72
f5a,162
f5b,77
25fd,50
2751,2
f5c,7133
231f,4
20b7,45
f5d,209
f5e,156717
f5f,8
f60,16
f61,61
f62,10377
f63,17689
f64,880
f65,6
f66,88
f67,7119
f68,55
f69,35
f6a,198
f6b,58
f6c,18502
f6d,27
f6e,6
f6f,6002
f70,1462
f71,4906
f72,1563
f73,3241
f74,510
f75,17
f76,27587
f77,179
f78,1108
f79,4665
f7a,684
f7b,28
f7c,763
f7d,632
f7e,71
f7f,18
f80,55
f81,136470
f82,39
f83,863
f84,161
f85,9
20b9,22
f86,18
f87,214
f88,830
f89,27
f8a,23
f8b,26
f8c,78
f8d,157
f8e,1075
f8f,52
f90,43
f91,54
f92,214
f93,81
f94,470
f95,539
f96,348314
f97,351737
f98,347
f99,392133
f9a,4237
f9b,202
f9c,34
f9d,229
f9e,11056
f9f,20
fa0,233
fa1,3
fa2,42
fa3,10208
fa4,7
fa5,40
fa6,36
fa7,287
fa8,14
fa9,136
faa,52850
fab,2
fac,376
fad,114
fae,181644
faf,1040
fb0,3
fb1,7
fb2,225
fb3,155
fb4,25
fb5,460
fb6,953
fb7,204
fb8,182
fb9,5
fba,180
fbb,6
fbc,224
fbd,320
fbe,40
fbf,2574
fc0,97
2624,179
fc1,4922
fc2,14576
fc3,2
fc4,343
fc5,935
fc6,208
fc7,14
fc8,281
fc9,47
fca,88
fcc,8710
fcd,33
fce,10585
fcf,407228
2324,22
fd0,1
fd1,239
fd2,33
fd3,117821
fd4,212
fd5,277
fd6,438
fd7,1
fd8,8
fd9,349
fda,56333
fdb,686
fdc,748
fdd,4886
fde,171
fdf,861
fe0,8
fe1,13
fe2,18281
fe3,113
fe4,22461
fe5,14
fe6,5843
fe8,416
fe9,55
fea,652
2716,1784
27ae,84
feb,2159
fec,3
fed,125
fee,1155
fef,139
ff0,101
ff1,225
ff2,346
ff3,44182
ff4,136117
ff5,144
ff6,1212
ff7,10244
ff8,140
ff9,3
ffa,13093
ffb,466
ffc,12
ffd,4
ffe,1481
fff,7534
1000,22706
1001,42
1002,48
1003,2768
1004,247
1005,3726
1006,107
1007,357
1008,905
1009,2137
100a,14
100b,289
100c,210
100d,959
100e,491
100f,20
1010,29333
1011,25104
26fb,1
1012,1705
26fc,3
1013,46205
1014,115960
1015,1727
1016,23
1017,5800
1018,103
1019,28289
101a,13496
101b,534
101c,371
101e,558
101f,17
1020,204
1021,51
1022,12
1023,40606
1024,212166
1025,14
1026,82
1027,115
1028,120
1029,77
102a,17
102b,44
102c,2
102d,9
102e,150907
102f,8170
1030,15
1031,99
1032,853
1033,48
1034,128574
1035,5
1036,412611
1037,31
1038,17737
1039,2758
103a,19734
103b,167876
103c,1517
103d,775
103e,443
103f,141
1040,10
1041,2
1042,11
1043,13148
1044,15
1045,6991
1046,33498
1047,46
1048,642
1049,403798
104a,6726
104b,25
104c,1116
104d,11
104e,96
104f,175702
1050,4205
1051,10097
1052,2566
1053,211999
1054,196
1055,13363
1056,66
1057,369
1058,5
1059,6966
105a,5955
105b,834
105c,2067
105d,81
105e,21
105f,32
1060,15
1061,290528
1062,427
1063,89
1064,38
1065,45776
1066,147293
1067,364
1068,85
1069,6
106b,53
106c,6265
106d,296
106e,82
106f,125
1070,12
1071,12
1072,358114
1073,209964
1074,942
1075,89
1076,360
1077,234050
1078,506
1079,142610
107a,24236
107b,4690
107c,14238
107d,8
107e,10
107f,205207
1080,283364
1081,56059
1082,4
1083,6255
1084,1744
1085,70130
1086,19131
1087,20834
1088,5548
1089,87
108a,137
108b,3
108c,542
108d,45
108e,35
108f,42
1090,132014
1091,4654
1092,4381
1093,3241
1094,15
1095,7604
1096,6
1097,203
1098,4145
1099,373
109a,41609
109b,198052
109c,7
109d,12076
109e,5
109f,12906
10a0,21028
10a1,5
10a2,19171
10a3,41052
10a4,3264
10a5,14
10a6,3
10a7,15533
10a8,143166
10a9,2
27d3,51
10aa,47
10ab,61
10ac,966
10ad,167
10ae,48427
10af,3940
10b0,24801
10b1,175
27af,19
10b2,59
10b3,2486
10b4,16
2802,6
25dc,78
10b5,9
10b6,255
10b7,208
10b8,10
10b9,495
10ba,242
10bb,241
10bc,1086
2829,2
10bd,64243
10be,6477
10bf,62
10c0,194
2717,5
10c1,4
10c2,573
10c3,2
10c4,1479
10c5,567
2718,1
10c6,1472
10c7,3446
2540,56919
10c8,6489
10c9,61
10ca,728
10cb,285
10cc,194
10cd,97
25fe,99
2648,435
10ce,14
10cf,207
10d0,48
10d1,598
10d2,13167
10d3,56
10d4,66
10d5,54
10d6,374130
10d7,1849
10d8,2907
10d9,59
10da,71
10db,472
10dc,466
26fd,4
10dd,109226
10de,14607
10df,200
10e0,1380
2541,6747
10e1,209
10e2,68
10e3,341504
10e4,5375
2542,25287
10e5,50
10e6,264480
2797,1
20c1,27
10e8,15
10ea,1036
10eb,1159
10ec,1833
10ed,583
10ee,1486
10ef,1005
10f0,13399
2543,10011
2752,1
10f1,17953
10f2,19
10f3,2698
10f4,189
10f5,409
10f6,2122
10f7,21
10f8,56
10fa,155
10fb,1502
10fc,748
10fd,185
10fe,33
10ff,203
1100,1173
1101,2
1102,140
1103,168
1104,177
1105,35
1106,3
1107,3533
1108,127
1109,284
110a,95
110b,498
110c,11
20c5,59
110d,406
110e,65
110f,1345
1110,9
1111,281
2798,3
1112,20
1113,75
1114,6
2719,1
1115,988
1116,26
1117,14
1118,22706
1119,5
111a,29
111b,76
111c,774
111d,10
111e,93
111f,3537
1120,118
1121,59
1122,1510
1123,68
1124,14
1125,198
1126,1302
1127,113
1128,53
1129,47
112a,55
112b,177
112c,1
112d,3556
112e,55640
112f,3154
20c7,11
1130,4
20c8,4275
1131,349
1132,156056
1133,1411
1134,33
1135,5338
1136,849
1137,15
1138,22
1139,33
113a,199
113b,26
113c,459
113d,39
113e,42
2803,42
113f,8
1140,19
1141,35
1142,150
1143,20
1144,62
1145,35
1146,21894
1147,217
1148,327
1149,181
114a,156
114b,28
114c,616
114d,79
114e,2
114f,45
1150,5463
1151,862
1153,7637
1154,530805
1155,244
1156,12721
1157,20
1158,2702
1159,180874
115a,107
115b,7
115c,761
115d,734
115e,196573
20ca,72
20cb,30
115f,108
1160,99
1161,19
1162,515
1163,713
1164,458
1165,1
2739,3
1166,162
1167,284
1168,2491
1169,30
116a,3358
116b,19
116c,133
116d,37
116e,47
116f,7664
1170,1826
1171,3995
26db,219
1172,6
1173,181
1174,338
1175,509
1176,4343
1177,166
1178,146
1179,146
117a,110
117b,790
117d,739
117e,85
117f,67
1180,20
1181,4
1182,5762
1183,260
1184,228
1185,5
1186,23173
1188,130
1189,25
118a,21
118b,1606
118c,125
118d,91
118e,76
118f,1
1190,173
1191,44
1192,1574
1193,178
1194,1591
1195,9435
1196,44
1197,195
1198,71
1199,49
119a,382
119b,108
119c,15
119d,38
119e,15
26fe,1
26dc,2
119f,290
11a0,162
11a1,100
11a2,220
11a3,20
11a4,9438
11a5,4633
11a6,148
11a7,515
11a8,1
11a9,89
11aa,529
11ab,276
11ac,497
11ad,472
11ae,460
11af,414
11b0,678
11b1,98
11b2,5410
11b3,2389
11b4,483
11b5,1238
11b6,71
26c0,53
11b7,3585
11b8,257
11b9,23329
27d4,10
11ba,73
11bb,1027
11bc,175
11bd,60
11be,29
11bf,269
11c0,53
11c2,130
11c3,7
11c4,86
11c5,39
273a,1
11c6,1740
11c7,76161
11c8,34
11c9,10
11cb,272
11cc,252
11cd,1340
11ce,74
11cf,17077
11d0,414
11d1,34132
11d2,20
11d3,256
11d4,74
11d5,37
11d6,42
11d7,689
11d8,848
11d9,418
11da,717
11db,49
11dc,210
11dd,1503
11de,539
11df,865
11e0,981
2679,99
11e2,47
11e3,315
11e4,1662
11e5,48
11e6,516
11e7,119
11e8,62
20ce,1
2697,268
11e9,355
11ea,31607
11eb,255
11ec,2110
11ed,14
11ee,1151
11ef,2065
11f0,2108
11f1,11
11f2,132
11f3,136
11f4,820
11f5,60
11f6,967
11f7,48
11f8,38
11f9,57
11fa,14
11fb,8
2627,1
11fd,205
11fe,56
1200,9
1201,4516
1202,3021
1203,11
1204,58
1205,50
1206,19
1207,12
1208,763
1209,5156
120a,74
120b,1784
120c,139
120d,292
120e,22
120f,139
1210,449
1211,1444
1212,933
1213,60
1214,11
1215,28
1216,5
1217,6448
1218,3
1219,56
121a,200
121b,156
121c,113
121d,141
121e,107
121f,4
1220,4401
1221,77
2698,92
1222,2
1223,1008
1224,5323
2753,80
2628,202208
1225,34676
1226,17971
1227,51
1228,584
236f,80
1229,45631
122a,583
122b,443
122d,208
122e,27
122f,4
1230,4781
1231,103
1232,110
1233,54
1234,60
1235,70
1236,27
1237,53
1238,62
1239,255
123a,102
123b,128
123c,37
26ff,115
123d,98
123e,3456
123f,2
1240,3182
1241,467
1242,14
1243,2247
1244,294
1245,46
1246,5027
1247,14
1248,1978
1249,5
124a,82
124b,289
124c,2330
124d,52
124e,922
124f,10
1250,730
2754,655
1251,77
1252,42
1253,7960
237a,1
2601,17
2777,59
1254,36
1255,4147
20d0,14
1256,201
1257,126
1258,1235
1259,3
125a,520
125b,8849
125c,617
125d,329
125e,61
125f,2606
1260,1192
1261,68
1262,118
1263,18
1264,129
1265,1
1266,303
1267,4287
1268,13175
273b,32
1269,59
126a,191
126b,11071
126c,1540
126d,64013
126e,176
126f,30
271a,68
1270,68
282a,7
237d,1
1271,221153
1272,611
1273,5390
1274,5952
1275,4
1276,33
20d3,5
1277,244
1278,18
1279,128
127a,16
2575,90
2804,1
127b,48347
127c,14
127d,62
127e,688
127f,529
1280,28
1281,19
1282,34
1283,21
1284,17
1285,169
27d5,31
1286,29
1287,36
1288,76
1289,6048
128a,15
128b,22
128d,4
128e,110
128f,620
1291,74
1292,27781
1293,27571
1294,2450
1295,50
1296,31
1297,477
1298,89
1299,44
129a,6
129b,707
129d,65
129e,195
129f,97
12a0,158
12a1,110
12a2,2050
12a3,1602
12a4,349
12a5,59
26dd,12
25a9,832
12a7,5
12a8,128
12a9,88
12aa,5
12ab,54
12ac,13
12ad,868
12ae,481
12af,102333
12b0,551
26c1,1
12b1,13904
12b2,10
12b3,369
26c2,12
12b4,51
12b5,823
12b6,98
12b7,164
12b8,46
12b9,387
12ba,8711
12bb,124
12bc,29673
12bd,3
12be,35
12bf,136
12c0,50
12c1,60
12c2,6387
12c3,4292
12c4,71
12c5,430
12c6,29
12c7,121
12c8,544
12c9,105
12ca,2201
26c3,2
12cb,9679
12cc,18
12cd,65
12ce,23
27d6,27
12cf,16569
12d0,3
12d1,4451
12d2,151
12d3,181
12d4,16
12d5,16
12d6,2
12d7,4908
12d8,4
12d9,7
12da,9
12db,2
12dc,175
12dd,24
12de,54
12df,8
12e0,77
12e1,3
2546,64
12e2,313
12e3,48
12e4,14
12e5,183
12e6,2
12e7,1195
20d4,3
12e8,441729
12e9,23
12ea,1
12eb,191
12ec,111048
12ed,3
12ee,116422
12ef,11
12f0,2
12f1,367
12f2,1038
12f3,712
12f4,10
12f5,50
12f6,262
12f7,1252
12f8,4
12f9,19616
12fa,1314
12fb,232
12fc,76
12fd,97
12fe,58
12ff,26
1300,1671
1301,74
1302,1223
27b0,46
27b1,45
1303,9
1304,663
1305,9194
1306,854
1307,27
271b,146
1309,52
130a,742
130b,5
2805,20
130c,1014
130d,249
130e,22
130f,18
1310,440
1311,2
1312,9
1313,35
1314,960
1315,7540
1316,805
1317,33
1318,15
1319,61
131a,605
131b,4528
131c,13
131d,67
131e,139
131f,193
1320,212
1321,64
1322,116
1323,200
1324,3113
1325,2229
1326,133
1327,35
26de,2
1328,2520
1329,156
132a,4
132b,2458
132c,4709
132d,117
132e,113
132f,381
2699,2
1330,7073
1331,15
1332,490
1333,38
1334,25
1335,3015
1336,52694
1337,14
1338,27974
1339,6
133a,2210
133b,2911
133c,169
133d,29
133e,82
133f,63
1340,15748
1341,10226
1342,154
1343,1175
1344,1280
1345,508
1346,15
1347,15
1348,354
1349,107
134a,83
27d7,10
134b,227
134c,33
134d,134
134e,19
134f,10389
1350,6
1351,352
1352,289
1353,117
1354,45
2399,2
1355,151
2806,7
1356,104
1357,46
1358,29221
2807,12
1359,51
135a,2429
135b,2
135c,19
135d,174
135e,8
135f,941
1360,410
1361,387
1362,189
1363,2
1364,378
1365,329
262b,187847
1367,100
1368,60
1369,8860
136a,401
136b,237
136c,40
136d,123
136e,324
136f,211
1370,25
1372,80
1373,425
1374,370182
1375,95
1376,13
1377,26
1378,133
1379,22
282b,23
137a,10
137b,200
137c,142
137d,56
239d,2
137e,3
137f,193
1380,112
1381,72
1382,2359
1383,126
1384,188
1385,579
1386,1462
1387,765
1388,3897
1389,1
138a,662
138b,114606
138c,121
138d,508
138e,709
138f,708
1390,13
1391,22
1392,9
1393,83
1394,184
1395,73
1396,28028
1397,531
1398,48
1399,147
139a,2488
139b,19965
139c,132
139d,686
27d8,83
139e,1100
139f,123
13a0,1419
13a1,674
13a2,1827
13a3,55
13a4,29
13a5,44593
13a6,26
13a7,301
13a8,64
13a9,7
13aa,206461
26df,243
13ab,8
2755,415
13ac,117
23a3,8
20d9,2
13ad,6
13ae,431
13af,2077
13b0,531
13b1,908
13b2,31
13b3,830
13b4,344
13b5,371
2603,100
13b6,1367
13b7,237
271c,4
13b8,26
2576,65
13b9,77
13ba,864
13bb,581
13bc,7202
13bd,30587
13be,42
13bf,342
13c0,7
13c1,762
13c2,46
13c3,364
13c4,60
13c5,5
13c6,298
13c8,154
13c9,59
13ca,29
13cb,15
13cc,2126
13cd,4833
13ce,138549
13cf,116
13d0,218
13d1,351
13d2,93
13d3,531
13d4,9
13d5,316
13d6,8053
13d7,3059
13d8,123
13d9,44373
13da,26
13db,108
13dc,77
13dd,104
13de,1681
13df,74
13e0,788582
13e1,6037
13e2,269
13e3,507
13e4,1
13e5,2
13e6,9
13e7,26
13e8,3929
13e9,28474
13ea,64211
269a,5
13eb,48960
13ec,1679
13ed,636
13ee,93
13ef,1313
13f0,211
13f1,124
13f3,19
13f4,5
25ab,4091
13f5,13
13f6,3
13f7,17
13f8,38
13f9,53
13fa,90
13fb,82
13fc,66
13fd,49
13fe,109
13ff,891
1400,52
1401,89
1402,8
1403,707
1404,118
1405,1
1406,1030
1407,770
1408,94857
1409,5
140a,8
140b,165
267a,2
140c,59
140d,105
140e,27
2700,3
140f,77
1410,61
1411,19
1412,146
1413,102964
1414,67
1415,159368
1416,3
1417,20
1418,3
1419,180
141a,1584
141b,245
141c,447
141d,137
141e,72
141f,5149
1420,203
1421,2072
1422,191
1423,287
2808,38
2548,13
1424,13
1425,13395
1426,109
1427,13
1428,5
1429,70953
142a,34
142b,12876
142c,51
142d,948
142e,6
142f,19
1431,22
1432,108
1433,310
1434,78
1435,33
1436,45
1437,92
1438,141871
1439,1238
143a,127
143b,2158
143c,82
143d,197
20dc,4
143f,27
1440,178
1441,15
1442,3
1443,9
269b,40
1444,1584
1445,34
1446,2605
1447,7
1448,147
1449,137
144a,762
144b,142
144c,7
144d,1
144e,89
144f,85
2701,20
2778,1
1450,47
1451,2067
1453,374
1454,112
1455,318
1456,20
1457,160
1458,12233
1459,451
145a,42
145b,4
145c,131
145d,2
145e,128
145f,41
1460,17
1461,19250
1462,4029
2809,16
1463,37
1464,123
1465,3020
1466,17
1467,19
1468,2390
1469,104
27b2,6
146a,2258
262e,119
146b,6
146c,25
146d,15
146e,28
2756,1556
146f,315
1470,6
1471,11
25df,1989
1472,16750
27d9,2
1473,1007
1474,7
1475,25
1476,18
1477,34
1478,38
1479,965
147a,319
147b,354
147c,6
147d,216
27b3,1
147e,183487
262f,204
1480,6
1481,6
2779,3
1482,5
1483,4
27da,7
1484,6
2799,25
1485,65
1486,69
1487,2
23bd,7
1488,122
1489,34
148a,401
148b,1109
148c,3105
148d,186057
148e,38
148f,6
1490,68
1491,77
1492,29497
1493,5412
1494,121
1495,4818
1496,43
1497,3335
1498,115
1499,766
149a,9
149b,54
149c,27
149d,8
149e,9040
149f,2010
14a0,4171
14a1,42
14a2,166
14a3,63
14a4,32
14a5,19010
14a6,2201
14a7,172
14a8,72
14a9,5266
14aa,23
14ab,199
14ac,1729
14ad,73052
14ae,1247
14b1,756
14b2,19
14b3,1520
14b4,95
14b5,277
14b6,417
14b7,5746
14b8,41
14b9,120785
14ba,1751
14bb,5683
14bc,9279
14bd,52
14be,18120
20de,1
20df,4
27db,332
14bf,24
14c0,17
14c1,1056
269d,273
14c2,172900
14c3,3
14c4,68
14c5,355
14c6,1918
14c7,212
14c8,357
14c9,225
14ca,78
14cb,16
14cc,2541
14cd,22
14ce,100
14cf,61
14d0,162936
14d1,20591
14d2,84301
14d3,88006
269e,7718
14d4,4134
14d5,148473
14d6,176598
14d7,111
14d8,109368
14d9,77
14da,53
14db,78
14dc,82
14dd,52
14de,325
14df,234
2757,121
14e0,5
14e1,466
14e2,121
2758,36
14e3,426
14e4,41
14e5,1407
14e6,64
14e7,829
14e8,113
14e9,13555
14ea,83
14eb,8228
14ec,32
2578,2434
14ee,12029
20e1,1
14ef,311
14f0,1423912
14f1,1268
14f2,24466
265c,65143
14f3,2056
14f4,16
14f5,373
2579,133
14f6,26679
279a,61
14f8,114
14f9,28
14fa,17391
14fb,11743
14fc,1013
14fd,37
14fe,244
14ff,1571
1500,156507
1501,364
1502,6362
1503,13
1504,486
1506,6
1507,31206
1508,111
1509,60
150a,24850
150b,77
150c,16
150d,17
150e,36
150f,12
1510,111
1511,94
1513,269
1514,118
1515,1
1516,263
1517,28
1518,209
1519,66
151a,40
151c,45
26c4,110
151d,575
151e,436
151f,42
1520,12
1522,99
1523,85
1524,153
1525,505
1526,128
1527,12
1528,1241
1529,74
152a,22
152b,30
152c,336
152d,956
152e,7500
152f,7341
1530,2731
20e3,4
1531,51
1532,2608
1533,990
1534,64
1535,30
1536,115
1537,59
1538,58
1539,179
153a,1221
153b,374
153c,57
153d,2
153e,11810
153f,44
2631,151
280a,20
1540,97
1541,7
1542,10
1543,41
1544,215
1545,1250
1546,2107
1547,323
1548,1162
1549,51
154a,195413
154b,37750
154c,8
154d,114
26c5,7
20e4,4
20e5,3
154f,71
1550,1
1551,68
1552,135
1553,58
1554,51
1555,19
1556,25
1557,65
1558,1
1559,1166
155a,393
155b,75
26c6,174
155c,89
2702,342
155d,58
155e,107782
155f,1428
1560,172
1561,29
25e0,494
1563,218282
1564,316
1565,1253
1566,59
1567,13
1568,46
1569,115
156a,80
156b,57
156c,30
156d,536
156e,19261
156f,79
1570,55
1571,35
1572,320
1573,9
1574,10
1575,8
20e7,2
1576,8
1577,3
1578,16
1579,50
157a,17
157b,978
157c,7
157e,334
157f,73
1580,1684
279b,4
1581,65
1582,97
1583,145
1584,364
1585,9262
1586,11
1587,6
1588,148
1589,22
158a,47
158b,1749
158c,97
158d,167
158e,1
158f,14
1590,3
2605,282
1591,79
1592,384
1593,8
1594,9
23f0,1
1595,109
1596,3
1597,56
1598,4
1599,36
159a,7
159b,69
159c,3893
23f2,2
159d,85
159e,57
159f,17
15a0,800
15a1,7
15a2,7336
15a3,519661
15a4,1758
15a5,1168
15a6,81
2759,96
15a8,102
15a9,34
15aa,859
15ab,89
271d,6
15ac,1334
15ad,285
15ae,735
15af,1109
15b0,291
15b1,40
15b2,84
15b3,43
15b4,1065
15b5,77
15b6,611
15b7,1754
15b8,189
15ba,83
15bb,81
15bc,27
280b,19
15bd,735
15be,29
15bf,12
15c0,26
15c1,21
15c2,63
23f4,2
15c3,7
15c4,7
15c5,35
15c6,249
15c7,136
15c8,6063
15c9,262
15ca,99
15cb,5348
15cc,16
15cd,56419
15ce,40
15cf,4399
15d0,710
27dc,19
27dd,1
15d1,194
15d2,49
15d3,38
257b,119
15d4,730
15d5,158
15d6,25
15d7,74
15d8,14
15d9,151
15db,118
15dc,161
15dd,144
15de,41
15df,95
15e0,82
15e1,319
15e2,3645
15e3,93
15e4,3
15e5,13
15e6,689
15e7,1020
15e8,260
15e9,45
15ea,53
15eb,54
15ec,62
15ed,232
15ee,65
15ef,36
15f0,107
15f1,58
15f2,2
15f4,12094
15f5,221
15f6,104
15f7,84
15f8,37
15f9,840
15fa,340
15fb,29
15fc,85
26e0,15
26e1,13
15fd,78802
15fe,195
15ff,2933
20e8,2
273c,6
20ea,4
1601,3
1602,2465
1603,6753
1604,8317
1605,9200
282c,6
26e2,193
26e3,2
1606,144
1607,14
1608,1048
1609,1173
160a,1554
160c,1972
160e,545
160f,2
2549,18314
1610,78
1611,98
1612,72
1613,107
1614,17
1615,40
20eb,3
1616,172
1617,1073
1618,25
1619,719
161a,42
161b,103
161c,215
161d,243
161e,1123
161f,324
1620,56
1621,11293
1622,90
1623,15
1624,23628
1625,1432
1626,34
1627,132874
1628,6089
1629,33
162a,194
162b,21
162c,443
162d,96
162e,52
277a,4
162f,577
1630,43
1631,427
1632,460
1633,19
1634,4
1635,26
1636,5
1637,18159
1638,575
1639,51
163a,15872
2606,8
163b,65
163c,201753
163d,24
163e,2
273d,150
163f,36
1640,45
1641,58
20ee,2
1642,5972
1643,62
1644,25
1645,86
1646,81
1647,221024
277b,66
1648,165
1649,173
164a,3
164b,4483
164c,273
164d,17
164e,85
164f,423345
1650,24
275a,75
1651,178
1652,1120
1653,160
20ef,2
1654,7
1655,435
1656,7
1657,21
1658,10649
165a,3424
165b,4993
165c,1399
165d,32
165e,2
165f,21
1660,2161
1661,102
1662,17
1663,89
1664,591
1665,94
1666,74
26c7,61
1667,65
1668,4
1669,66
166a,31
166b,961
166c,50
166d,11400
166e,37
166f,1109
1670,102
1671,34
1672,23
1673,347
1674,783
1675,6
1676,1623
1677,9050
1678,218751
269f,1173
167a,219
167b,237
265d,130
167c,283
167d,1301
167e,156
167f,764
1680,91
1681,115
1682,71
1683,2
1684,664
1685,53724
1686,10738
1687,3394
1688,277
1689,57
168a,26216
168b,21
168c,12
168d,81
168e,11
168f,85
1690,264
1691,13
1692,32
1693,115
26a0,110
1695,2
1697,239
1698,92
1699,239
169a,388
169b,249886
169c,1144
275b,130
169d,20711
169e,10
169f,7
16a0,101
16a1,101
16a2,237
16a3,7
16a4,48
16a6,103
16a7,18182
16a8,68
25e1,650
16a9,1014
16aa,625
16ab,31
16ac,27
16ad,5343
16ae,97
16af,420
240b,1
16b0,91
16b1,14
16b2,496
16b3,13
16b4,23869
16b5,17692
16b6,50365
16b7,29442
16b8,44437
2410,1
16b9,790
16ba,1007
16bb,7716
16bc,81
16bd,180
16be,5689
16bf,133
16c0,605
16c1,37
16c2,54828
16c3,52
16c4,3
16c5,213
16c6,234
16c7,26601
16c8,147
16c9,436
16ca,6
16cb,42
16cc,77
16cd,9217
16ce,454
16cf,300
16d0,65
16d1,100
16d2,10463
16d3,537
16d4,228
16d5,137
16d6,37
16d7,262
16d8,44
16d9,42
16da,121
16db,23
16dc,1108
16dd,57
16de,98
16df,100
16e0,36
16e1,4256
16e2,110
16e3,55
16e4,50
16e5,283
16e6,178
16e7,64
16e8,171
16e9,6
16ea,80
16eb,20355
2417,1
16ec,27
16ed,291
16ee,4427
16ef,153
16f0,1563
16f1,495
16f2,15
16f3,21
16f4,55
16f5,48
16f6,876
16f7,221875
16f8,10796
273e,1
16f9,777
16fb,2142
16fc,44
254a,689
16ff,93
1700,809
1701,1965
1702,488
1703,445
1704,1105
1705,1090
1706,829
282d,22
277c,292
1707,315
1708,23
1709,2090
2607,151
170a,23
170b,83
170c,1820
170d,4
170e,254
170f,125
1710,86
1711,30
275c,2473
1712,13
1713,24
1714,52
1715,12
1716,657
1717,8
1718,77
282e,8
1719,129
171a,124
171b,428
171c,419
171d,2785
171e,1701
171f,4855
1720,148
1721,31
1722,21
1723,15
1724,139
20f3,11
1725,21
1726,163
1727,1
1728,19
1729,12144
172a,15
172b,53
172c,122
172d,206
172e,30432
254c,1
172f,11020
1730,19
1731,95
1732,5
1733,2195
1734,2911
1735,345
1736,197
1737,43
1738,8
1739,56
173a,7448
173b,60
173c,9039
277d,79
173d,263
173e,1574
173f,4
1740,50
1741,45
1742,509
1743,18
1744,73
1745,430
1746,8697
1747,55
1748,11021
1749,63
174a,44148
174b,45283
174c,186596
174d,34
174e,31
174f,13058
1750,114
1751,2
1752,1003
1753,126
1754,1553
1755,14331
1756,1094
1757,83
1758,1206
1759,4
175a,536
175b,219
175c,1350
175d,19
175e,62
175f,30
1760,757
1761,205
2428,159
1762,5
1763,2718
1764,163
1765,1625
1766,743
1767,4678
1768,756
1769,635
176a,1
176b,59
176c,1181
176d,3120
277e,36
176e,150
176f,1
1770,932
1771,7
242d,1
1774,625
1775,292
1776,344
1777,307
1778,1677
242e,1
1779,81
177a,2404
177b,253
177c,4637
2432,2
177d,14001
2433,1
177f,35505
1780,427
1781,1404
1782,4324
1783,4737
1784,7989
1785,23387
1786,809
1789,25850
178a,1
178b,78140
178c,156522
178d,199209
178e,261001
178f,932175
1790,3
1791,38
1792,14218
1793,130
1794,18614
1795,181
1796,243
1797,174
1798,70
1799,15
179a,125
179b,370
179c,318
179d,49
179e,51
179f,209
17a0,230
17a1,135
17a2,1170
17a3,103
17a4,29
17a5,64
17a6,10
17a7,133
17a8,60782
17a9,13155
17aa,142
17ab,1
277f,2
17ac,294
282f,20
17ad,126
17ae,61
17af,83
280c,36
280d,23
2102,8
17b0,3
17b1,16110
17b2,30
17b3,4
17b4,66
17b5,53
17b6,14599
17b7,18
17b8,127
17b9,1520
17ba,1197
17bb,116
17bc,4
17bd,17
17be,2078
17bf,18441
17c0,50
17c1,57
17c2,70
17c3,50
17c4,101
17c5,64
17c6,14649
17c7,20159
17c8,16256
17c9,63
17ca,40199
2608,12725
17cb,16472
17cc,14075
17cd,14109
17ce,29865
17cf,12923
17d0,18238
17d1,3
17d2,12003
17d3,12792
17d4,245
17d5,12292
17d6,15005
17d7,12834
17d8,15120
17d9,14104
17da,16145
17db,15077
17dc,12516
17dd,12621
17de,14921
17df,14257
17e0,14424
17e1,14215
17e2,12711
17e3,15893
17e4,22320
17e5,14044
17e6,34801
2609,11076
17e7,16691
17e8,11599
17e9,12645
17ea,374
17eb,14463
17ec,14751
17ed,14297
17ee,13115
17ef,10
17f0,104
17f1,20
17f2,68
2104,73
17f3,306
17f4,301
17f5,3
17f6,15
17f7,323
2703,772
17f8,401
17f9,6
271e,586
17fa,64
17fb,120
17fc,76
17fd,96
17fe,1
17ff,40
1800,16990
1801,77
1802,229
1803,87
1804,10220
254e,108
1805,2
1806,6484
1807,746
267d,233
1808,61
1809,63
180a,5967
180b,116
180d,17
180e,257
180f,246
1810,10
1811,42
1812,21822
1813,1624
1814,13
1815,546
1816,5
1817,222
1818,380
1819,228
181a,2593
181b,848
25b0,47
181c,2
181d,1
181e,176
181f,28
1820,1325
2830,162
1821,8
1822,6683
1823,115
1824,78
1825,36
1826,17
1827,22
1828,184
1829,29
2108,22
182a,83
182b,40
182c,46
182d,42
182e,22
182f,226
1830,134
26e4,245
1831,10251
1832,40
1833,105
2633,79
1834,63
1835,2336
27b4,16
1837,24562
1838,21
2109,2
1839,8
183a,35
183b,10
183c,4
183e,8
183f,24
1840,338
1841,18
1842,473
1843,60
1844,230
1845,14
1846,63636
1847,111
1848,62
1849,305
184a,4
184b,61
210a,1
184c,574
184d,43
184e,452
1850,46
1851,20947
1852,4046
1853,82
2452,1
1854,575726
1855,2095
1856,68
1857,155
1858,681
1859,111
185a,802
185b,276
185c,40
185d,99
185e,181
185f,20
1860,3
1861,39
1862,18
1863,39
1864,37
1865,86
1866,29
1867,11
1868,87046
1869,14
186a,229
186b,297
186e,16
186f,29
275d,29
1870,62
1871,1426
1872,14
1873,252
1874,61
210d,2
1875,15
1876,82
1877,42
1878,32
1879,436
187a,656
187b,9
187c,21
187d,53
187e,1
210f,4
187f,98
1880,128
27de,68
1881,19
1882,25
1883,255
1884,23
1885,311
1886,20
1887,2319
1888,50
1889,3442
188a,5795
188b,10
188c,192
188d,27
188e,9
2110,6
188f,1785
1890,3550
1891,78
1892,50
1893,82
1894,747
1895,17
1896,23
1897,1636
1898,5701
264e,86
1899,539
189a,57
189b,11
189c,3482
189d,121
189e,53
189f,84
18a0,1317
18a1,223
18a2,37
271f,10
18a3,60
18a4,50
18a5,6
18a6,271
2111,3
18a7,14
18a8,1
18a9,19
18aa,136
18ab,27
18ac,3
18ad,875
18ae,38
18af,38
18b0,294
18b1,45
18b2,102
18b4,15
18b5,37
18b6,24
18b7,536
18b8,35
18b9,231127
18ba,828
18bb,43
18bc,16
18bf,976
18c0,1166
18c1,282
18c2,14
18c3,26
18c4,810
18c5,157
18c6,37
18c7,130
18c8,3
18c9,5527
18ca,76
18cb,12
2464,2
18cc,321
18cd,150
18ce,9
18cf,110
2720,752
18d0,13
18d1,64
18d2,45
18d3,30
18d4,4
18d5,94
18d6,15
18d7,332
18d8,33
18d9,3
18da,199
18db,38
18dc,138
18dd,1141
18de,415
18df,156
27df,64
18e0,152
2467,1
18e1,46
18e2,70
18e3,719
18e4,80
18e5,43
18e6,8
18e7,256
18e8,1511
18e9,110
18ea,34
18eb,1587
2550,643
18ec,16
18ed,504
18ee,17
18ef,95
18f0,2
18f1,592
18f2,78
18f3,13
18f4,10
18f5,42755
18f6,7
2551,187
18f7,45
18f8,119
18f9,3631
18fa,467
18fb,1
18fc,13
18fd,557
18fe,697
18ff,20
1901,170
2113,3
1902,10
1903,26
1904,82
2704,1
1905,33
1906,2352
1907,53205
1908,6
1909,41
190a,230
190b,327
190c,50
190d,48
190e,4
190f,59772
1910,400
1911,231
1912,12540
1913,1887
280e,23
1914,7
2114,5
1915,12503
1916,173678
1917,76229
1918,22
1919,2619
191a,239
246b,1
191c,4
191d,873
191e,2961
191f,7164
1920,2400
1921,461
1922,32610
1923,19
1924,1199
27e0,11
2831,19
1925,4542
26e5,9
1926,44
1927,85
2552,779
1928,20
1929,124
192a,13
192b,2001
273f,238
192c,3
192d,38
192e,183
192f,113979
1930,12561
1931,97
1932,38
280f,47
2832,1
1933,36
1934,17
1935,137
1936,330
1937,5689
267e,741
264f,14
1938,633
1939,34778
193a,7
193b,21
193c,8
193d,56
193e,277
193f,81
2553,50
1940,66
1941,11
1942,49
1943,174
1944,10
1945,2708
1946,28
1947,209
1948,53
1949,12044
194a,1715
194b,31
194c,8
194d,50
194e,112
194f,373
1950,42
1951,22
1952,89
1953,125
1954,49
1955,65
1956,85
275e,11
1957,152
1958,31
1959,59
195a,4
195b,157
27e1,58
195c,36
195d,5102
195e,30
195f,2284
1960,56
1961,147
1962,1167
1963,15
1964,401
1965,1218
2721,266
1966,524
2634,6
1967,130
1968,212
26c8,99
1969,38
196a,43
196b,269
196c,4
196d,4988
196e,14
196f,21
1970,92
27b5,64
27e2,4
1971,11091
1972,29
1973,7
1974,96
1975,132
1976,4
1977,2316
25b1,2182
1978,216
1979,127
197a,83
197b,27
197c,980
197d,38
197e,46
197f,1
1980,120
1981,83
1982,75
1983,1411
1984,4901
1985,279
1986,384
1987,80
1988,31
1989,584
198a,8
198b,5
198c,319
198d,45
198e,594
198f,3875
1990,80
1991,87
2119,6
1992,1773
1993,130
1994,375
1995,122
1996,65
1997,194
1998,456
1999,27163
199a,3031
199b,297
199c,115
199d,448
199e,8
199f,22
2810,29
19a0,28
19a1,35
19a3,316
19a4,48
19a5,1601
19a6,28
19a7,4041
19a8,88
19a9,464
19aa,56
19ab,39
19ac,1373
19ad,98542
26c9,92586
19ae,879
19af,9697
19b0,5594
19b1,1409
19b2,208
19b3,5254
19b4,128889
19b5,1302
2650,249
2740,46
27e3,45
19b6,2548
19b7,32
19b8,3
247a,3
19b9,2
19bb,1
19bc,86
19bd,80
19bf,86
19c0,50
19c1,66
19c2,798
19c3,6
19c4,541
19c5,177
211b,5
26ca,1
26e6,2
19c6,1
19c7,12
19c8,474
19c9,1234
25b2,2570
19ca,16317
19cb,16
19cc,250
19cd,19
19ce,237
19cf,113
19d0,1181
19d1,5927
19d2,98
247d,26
19d3,334
19d4,78
19d5,34
19d6,56
19d7,264
19d8,170
19d9,69
19da,176
19db,75
27e4,54
19dc,53
19dd,354
19de,173
19df,1
19e0,262
211c,23
19e1,98
19e2,1
19e3,7
19e4,2402
19e5,3
19e7,71
19e8,33368
211d,16
19e9,58
19ea,2853
19eb,15
19ec,13431
19ed,12
19ee,733
19ef,152
19f0,400
211e,3
19f1,380
19f2,52
211f,1
26cb,1
19f3,16
2120,2
19f4,44
19f5,677
2555,314
2741,29
19f6,26888
19f7,147
19f8,397
19f9,276
19fa,266
19fb,95
19fc,78
19fd,192
19fe,59674
19ff,117
1a00,2
2635,191
1a01,1246
1a02,29
1a03,70876
1a04,122
1a05,20
1a06,113
1a07,1059
1a08,9
1a09,25
26cc,5
1a0a,14
1a0b,40
1a0c,1679
1a0d,15565
1a0e,29
1a0f,117
1a10,96
2722,5
2486,3
2122,7
1a11,4
2487,1
1a12,163
1a13,494
1a14,39
1a15,125
1a16,183
1a17,42
1a18,144
1a19,57
1a1a,71
1a1b,47
1a1c,11
1a1d,28
1a1e,68
1a1f,22
1a20,1
1a21,88
1a22,3
1a23,38
1a24,249
2811,1
1a25,93
2123,28
1a26,117
1a27,3381
248a,1
1a28,140
1a29,28
1a2a,24
1a2b,230
1a2c,165
1a2d,40
1a2e,51
1a2f,633
1a31,82
1a32,154
1a33,254000
1a34,223056
1a35,300
1a36,23
1a38,23
1a39,30
1a3a,20
1a3b,124
1a3c,165
1a3d,77
1a3e,5
1a3f,3875
1a40,308
1a41,992
1a42,84
1a43,236
1a44,172
1a45,413
1a46,1
1a47,7
1a48,46
1a49,67
1a4a,3
1a4b,39
1a4c,3669
1a4d,5326
1a4e,66
1a4f,18
1a50,32
1a51,76
1a52,8
2556,2270
1a53,2299
1a54,41
1a55,1638
1a56,25
26e7,249
1a57,7845
1a58,20
1a59,1
1a5a,1449
1a5b,99
1a5c,46
1a5d,1235
1a5e,27
1a5f,5
1a60,6989
1a61,81
1a62,1631
1a63,78
1a64,68
1a65,1403
1a66,180
1a67,165
2125,2
279c,50
279d,32
1a68,6427
1a69,769
1a6a,86
1a6b,64
1a6c,88
1a6d,66
1a6e,30
1a6f,62
1a70,17
1a71,55
1a72,39
1a73,59
1a74,7
1a75,45
1a76,84
1a77,11402
1a78,6
1a79,4
1a7a,84
27e5,17
1a7b,142
26cd,608
1a7c,1
1a7d,36
248f,51
1a7e,3
1a7f,188
1a80,39
1a82,228
1a83,386
1a84,131
1a85,656
26e8,7
1a86,21
1a87,213
1a88,532
1a89,44043
2126,3
1a8a,107
275f,11
1a8b,1
1a8c,216
1a8d,41
1a8e,15
2812,1
1a8f,687
1a90,147
1a91,31
1a92,3
1a93,264
1a94,97
1a95,52
1a96,232
1a97,4990
1a98,19
2813,1
1a99,7
2580,666
1a9a,5036
1a9b,40
1a9c,34
1a9d,112
1a9e,38
1a9f,242
1aa0,472
27b6,22
1aa1,18946
1aa2,67
1aa3,773
2661,175
1aa4,177
1aa5,37
1aa6,250
26ce,186
1aa7,957
1aa8,738
1aa9,168
1aaa,132
1aab,67
1aac,2
1aad,1016
1aae,26
1aaf,16
1ab0,117
1ab1,42
1ab2,5
1ab3,5
2814,9
1ab4,269
1ab5,11
1ab6,13314
2127,1
279e,15
1ab7,4257
1ab8,90
1ab9,60
1aba,65
1abb,31765
1abc,118
1abd,43
1abe,201
1abf,1659
1ac0,109
1ac1,151
1ac2,22535
1ac3,17508
1ac4,6605
1ac5,225
1ac6,34
1ac7,53
1ac8,33
1ac9,2109
1aca,174
1acb,102
1acc,54
1acd,93
1ace,47
1acf,108
1ad0,5
27e6,1
1ad1,82
1ad2,485
1ad3,65
1ad4,2907
1ad5,22
1ad6,10038
2129,6
1ad7,6818
1ad8,401
1ad9,490
26e9,209
1ada,21
1adb,26
1adc,27
1ade,3847
1adf,10232
1ae0,24409
1ae1,228
1ae2,26
1ae3,16552
1ae4,910
1ae5,3211
1ae6,181
2581,154
1ae7,2485
1ae8,1162
1ae9,26
1aea,9
1aeb,47
1aec,84
1aed,14
1aee,314
1aef,11929
1af0,21158
1af2,30995
1af3,10
2780,141
26a1,27
1af4,1175
1af5,268
1af6,1276
1af7,76
1af8,216
1af9,1408
1afa,247
1afb,27
1afc,38
212b,31
1afd,56
1afe,10
1aff,3
1b00,1452
1b01,283
1b02,90
1b03,46
1b04,37
212d,70
1b05,49
1b06,26
1b07,46
1b08,2232
1b09,3881
1b0a,8333
1b0b,545
1b0c,1981
1b0d,64
1b0e,988316
1b0f,566
1b10,261
1b11,685
1b12,66
1b13,32
1b14,106
1b15,5470
1b16,96
1b17,88
1b18,42
1b19,1894
1b1a,567
1b1b,32
1b1c,7
1b1d,2438
1b1e,15
1b1f,39
1b20,863
1b21,2
1b22,2
1b23,39
1b24,145
1b25,295
1b26,53
1b27,387
1b28,15
1b29,35901
1b2a,4712
212e,4
1b2b,186
1b2c,20
1b2d,7
1b2e,441
1b2f,2422
1b30,56
1b31,255
1b32,49
1b33,275
1b34,26
1b35,25442
1b36,31
1b37,232
1b38,7
1b39,6634
1b3a,34
1b3b,50
1b3c,32
1b3d,36
1b3e,51
1b3f,792
1b40,25
1b41,25
1b42,8
1b43,38
1b44,290
1b45,26
1b46,92
2130,65
1b47,39
1b48,208
1b49,40
1b4a,44
1b4b,38
1b4c,40
2131,2
1b4d,76
1b4e,21
1b4f,82220
1b50,81
249c,32
1b51,22
1b52,63
1b53,61
1b54,1219
1b55,12
1b56,17
27e7,5
1b57,106
1b58,660
1b59,112
1b5a,233
1b5b,71
26a2,53
1b5c,120
1b5d,3180
1b5e,56
1b5f,8463
2742,8
1b60,128
1b61,136
1b62,562
1b63,149
1b64,1192
2723,8
1b65,2452
1b66,48
1b67,1
1b68,336
1b69,85
1b6a,116
1b6b,65
1b6c,6210
1b6d,125
1b6e,571
1b6f,212
1b70,2704
1b71,529
1b72,35
1b73,18
1b74,354
1b75,10441
1b76,5
1b77,18
1b78,7142
1b79,98
1b7a,782
1b7b,200
1b7c,157
1b7d,44
1b7e,53
1b7f,54
1b80,25
1b81,1758
1b82,123
1b83,2
1b84,92
1b85,1066
1b86,150
1b87,3252
1b88,20
1b89,2849
1b8a,371
1b8b,452
27e8,15
1b8c,14768
1b8d,66
1b8e,991
1b8f,33
1b90,9385
2582,33505
1b91,2469
2724,11
1b92,18544
1b93,159
1b94,2241
1b95,73
1b96,129
1b98,163
1b99,288
1b9a,133
1b9b,437
1b9c,71
1b9d,344
1b9e,15
1b9f,404
1ba0,56
1ba1,38
1ba2,49
1ba3,19
1ba4,754
1ba5,12
1ba6,7
1ba7,171084
1ba8,545
1ba9,200
1baa,138
1bab,1463
1bac,47
1bad,15
1bae,1139
1baf,143
1bb0,34
1bb1,9
1bb2,128
2760,46
1bb3,869
1bb4,7794
1bb5,6365
2761,1
1bb6,428
1bb7,7761
2135,40
1bb8,4661
1bb9,129
1bba,19348
1bbb,21942
1bbc,100304
1bbd,3409
1bbe,17
1bbf,33010
1bc0,29
1bc1,4111
1bc2,33
1bc3,779
1bc4,8631
24a9,1
1bc5,29
1bc6,107
1bc7,462
1bc8,18
1bc9,60
1bca,14253
1bcb,235
1bcc,260
2137,4
1bcd,16
1bce,134
1bcf,411
1bd0,216
1bd1,467
1bd2,200
1bd3,87
1bd4,107
1bd5,57765
2762,277
2138,1
1bd7,15
1bd8,62
1bd9,2
1bda,65
2583,5
27b7,3
1bdb,2537
1bdc,789
1bdd,27
1bde,36
1bdf,115
1be0,567
1be1,9325
1be2,30
2705,11
1be3,54
1be4,35681
1be5,1049
1be6,1796
1be7,187
1be8,3
2139,1
1be9,4
1bea,2333
1beb,3181
1bec,1689
1bed,206
1bee,5254
1bef,575
1bf0,2479
2781,464
1bf1,76
1bf2,3
1bf3,38
1bf4,3
1bf5,29
1bf6,85
1bf7,1504
1bf8,81
1bf9,16
1bfb,46
1bfc,54
1bfd,29
1bfe,67
1bff,457
1c00,69
1c01,157
1c02,24122
1c03,423
1c04,7
1c05,15
1c06,102
1c07,38152
1c08,14645
1c09,44
1c0a,948
1c0b,308
1c0c,560
1c0d,13
1c0e,327
1c0f,2
1c10,9
1c12,713
1c13,3
1c14,798
1c15,115
1c16,40
1c17,981
2706,224
1c19,154
1c1a,7
1c1b,3229
1c1c,6095
1c1d,34
1c1e,154
1c1f,110
1c20,9075
1c21,8
1c22,203
1c23,10
1c24,550
1c25,41
1c26,1283
1c27,364
24b7,65
1c28,3810
1c29,10006
1c2a,35
1c2b,38528
1c2c,58
1c2d,156
1c2e,148
1c2f,9419
1c30,11
1c31,12
1c32,29
1c33,26
1c34,3831
1c35,76
1c36,24
24b9,1
213c,3
1c37,26
1c38,30
2558,107
1c39,27721
1c3a,47
1c3b,431
1c3c,3
1c3d,499
1c3e,129
1c3f,74
1c40,66
2559,161
1c41,36
1c42,48
1c43,172
1c44,32
1c45,21696
1c46,34
1c47,42
1c48,39
1c49,308
1c4a,1568
1c4b,49
1c4c,321
1c4d,32
1c4e,65
1c50,29
1c51,340
1c52,28933
1c53,52
1c54,32
1c55,44
213e,1
1c56,182
1c57,491
1c58,28
1c59,776
1c5a,882
1c5b,78
1c5c,119749
1c5d,24869
2637,10
2638,14
2639,80
1c5e,7232
1c5f,436
1c60,38
1c61,1505
1c62,100
1c63,1080
1c64,214
1c65,71
1c66,1
1c67,11347
1c68,638
1c69,2575
1c6a,76
1c6b,134
1c6c,110
1c6d,3
1c6e,56
1c6f,22
1c70,778
1c71,31
1c72,59
1c73,289
1c74,25
1c75,27374
1c76,48
1c77,5768
1c78,21
1c79,4300
1c7a,28
1c7b,3
1c7c,24
1c7d,33
1c7e,29
1c7f,100
1c80,6453
1c81,47
1c82,64
1c83,247
1c84,1128
1c85,4969
1c86,9
1c87,168
1c88,26
1c89,173
1c8b,52
1c8c,3145
1c8d,2562
1c8e,1295
1c8f,21642
1c90,180
1c91,109
1c92,17
1c93,109
1c94,165
26ea,88
1c95,1
1c96,27
1c97,14758
1c98,81
1c99,6
1c9a,22692
1c9b,126
1c9c,9
1c9d,6470
1c9e,1610
1c9f,274
1ca0,51
1ca1,632
1ca2,28189
1ca3,28
1ca4,1
1ca5,133
1ca6,594
1ca7,123
1ca8,57
1ca9,20
1caa,46
263a,605
1cab,93
1cac,15
1cad,58
26cf,9
1cae,69
26d0,97
1caf,1287
1cb0,636
1cb1,19
1cb2,81
1cb3,9
1cb4,13
1cb5,11765
1cb6,838
1cb7,961
2782,143
1cb9,11
1cba,9
1cbb,91
1cbc,57
1cbd,2
1cbe,165
1cbf,5389
1cc0,194
24ca,1
1cc1,5777
1cc2,73
1cc3,60
1cc4,366
1cc5,20
1cc6,25
1cc7,2
1cc8,3
1cc9,69
1cca,198118
279f,38
1ccb,270
1ccc,160
1ccd,96
1cce,553
1ccf,2329
1cd0,1681
1cd1,1934
1cd2,28
2783,1
1cd3,113
1cd4,435
1cd5,19
1cd6,16
1cd7,207
1cd8,113
1cd9,1698
2707,137
1cda,83
1cdb,40
1cdc,376
1cdd,204
1cde,419
1cdf,12
1ce0,3598
1ce1,10
1ce2,154
1ce3,1
1ce4,2364
1ce5,2074
1ce6,113
1ce7,456
1ce8,9
1ce9,1491
1cea,50
1ceb,61
1cec,53
1ced,16
1cee,51
1cef,218
1cf0,137
1cf1,290
1cf2,272
1cf3,23
1cf4,3
1cf5,13544
1cf6,39
25b5,28
1cf7,35
1cf8,8796
1cf9,1114
2585,26
1cfa,73
1cfb,349
1cfc,75
24d2,3
1cfd,2399
1cfe,43
1cff,185
27a0,228
1d00,2
1d01,10
1d02,278
1d03,39
1d04,22
1d05,42
2144,13
2145,3
1d06,139
1d07,13
1d08,42
1d09,735
1d0a,23
1d0b,335
1d0d,5
1d0e,64
1d0f,1086
1d10,28
1d11,394
1d12,305
1d13,4563
1d14,1265
1d15,4375
26eb,7
1d16,45
1d17,80
1d18,250
1d19,130
1d1a,11
1d1b,72858
1d1c,79045
1d1d,18589
1d1e,39
1d20,41
1d21,20
1d22,5124
1d23,2
1d24,67
1d25,27
1d26,453
27e9,2
2146,11
1d27,67
1d28,31
1d29,33
27ea,34
1d2a,68
1d2b,337
1d2c,545
1d2d,60
1d2e,37950
1d2f,58
1d30,104
1d31,19
1d32,7
1d33,13793
1d34,162
1d35,32
2684,110
1d36,149
1d37,229
1d38,99
1d39,470
1d3a,3
1d3b,26
1d3c,337
1d3d,21
1d3e,77
25b6,210
1d3f,55
1d40,34
1d41,97
2147,3
1d42,56
1d43,5
1d44,2
1d45,140
2148,1
1d46,402
1d47,52
1d48,318
1d49,31
1d4a,35
1d4b,3249
1d4c,37
1d4d,155
1d4e,38
2784,67
1d4f,11
1d50,36
26ec,8
1d51,122
1d52,9
1d53,123
2149,2
1d54,20
1d55,9
1d56,629
1d57,513
1d58,19
2785,275
1d59,119
1d5a,100
1d5b,3
1d5c,235
1d5d,470
1d5e,30
26ed,1
1d5f,35
1d60,82
1d61,25
1d62,34
1d63,61
1d64,2
1d65,4
1d66,22
1d67,7598
1d68,29
1d69,108
1d6a,5039
1d6b,2702
1d6c,4
1d6d,31
1d6e,17
24e0,13
1d6f,38
1d70,14664
1d71,69
1d72,12443
1d73,3
1d74,246
1d75,45
1d76,56
1d77,46
1d78,2
1d79,401
1d7a,9
1d7b,135
1d7c,30
1d7d,8321
1d7e,163
1d7f,128
1d80,14
1d81,20
1d82,34
214b,6
1d83,30
1d84,15
1d85,351
1d86,78
214c,1
1d87,62
1d88,3
214d,1
1d89,26
1d8a,16105
1d8b,1040
1d8c,77
1d8d,342
1d8e,33
1d8f,24
1d90,13
1d91,7
1d92,60
1d93,44
214f,4
1d94,42
1d95,19
1d96,14229
1d97,167845
1d98,555
1d99,69
1d9a,426
1d9b,180
1d9c,54
1d9d,91
1d9e,15
1d9f,15
1da0,16231
1da1,330
1da2,10
1da3,2668
1da4,70
1da5,9
1da6,9
1da7,33
1da8,8
1da9,1522
1daa,48877
1dab,3
1dac,103
26a3,14
1dad,69
1dae,16
1daf,3716
260c,1
1db0,96
1db1,369
2786,279
1db2,144
1db3,10
1db4,114753
1db5,74
2815,4
24ed,145
1db6,16
1db7,19
1db8,3481
1db9,3808
1dba,3064
1dbb,203
1dbc,14298
1dbd,46
1dbe,157
1dbf,86
1dc0,76
1dc1,13
1dc2,26
1dc3,31
1dc4,94874
1dc5,1198
1dc6,829
2816,1
1dc7,586
1dc8,3750
1dc9,16379
1dca,91647
1dcb,79
1dcc,6639
1dcd,148527
1dce,7813
2152,87
1dcf,28
1dd0,8
26a4,8
1dd1,19165
1dd2,244
1dd3,21496
1dd4,113
1dd5,538119
2153,3
1dd6,2062
1dd7,51
1dd8,163642
1dd9,140
1dda,39
1ddb,1308
2155,1
1ddc,2250
1ddd,1254
1dde,1206
1ddf,45
1de0,39
1de1,23130
1de2,2104
1de3,253
1de4,5955
1de5,373
1de6,1624
1de7,19
1de8,373
1de9,12160
2589,314
25b7,180
25b8,145
1dea,85
25ba,127
1deb,191
1dec,222
1ded,387
1dee,142
1def,5
1df0,455
1df1,37
1df2,62
1df3,19
1df4,4
1df5,22
26d1,51
24f5,69
1df6,67
1df7,891
1df8,1519
1df9,42
1dfa,18
1dfb,6
1dfc,10323
1dfd,529
24f7,235
2156,3
1dfe,62
1dff,160
1e00,5
1e01,587
1e02,54
1e03,4401
26ee,4
1e04,102
1e05,627
2158,1344
1e06,18270
1e07,2160
1e08,38
1e09,69
1e0a,87
1e0b,58
1e0c,572
1e0d,150
1e0e,78
1e0f,906
1e10,232
1e11,347
1e12,30
1e13,30
1e14,32
1e15,2247
1e18,28
2833,12
1e19,238
1e1a,78
1e1b,291
1e1c,1011
1e1d,400
1e1e,31
1e1f,20
1e20,575
1e21,9
2159,1
1e22,65355
2686,103
1e23,23
1e24,6
1e25,52
1e26,226
1e27,1
1e28,36
1e29,13
1e2a,17018
1e2b,126
24fe,5
1e2c,1877
1e2d,595
2834,5
1e2e,23803
1e2f,333
1e30,54
1e31,56
1e32,37
1e33,344
1e34,54
2743,5
1e35,1293
1e36,5
1e37,220
1e38,61
1e39,5434
25bc,657
1e3a,151
1e3b,126
1e3c,548
1e3d,2243
2725,1
1e3e,220
215c,5
1e3f,9
1e40,107
1e41,38
1e42,179
1e43,617
1e44,21
1e45,52
1e46,937
1e47,26
1e48,1128
1e49,423
1e4a,12
1e4b,17
1e4c,49
255b,5
1e4d,21
1e4e,13
1e4f,172
215e,3
1e50,91
1e51,36
1e52,33
25bd,7
1e53,311
1e54,52
1e55,673
1e56,79
1e57,85
1e58,186
1e59,59
2160,2
27b8,63
2161,7
1e5a,8
1e5b,374
1e5c,3303
1e5d,10881
1e5e,115
1e5f,19
26d2,143
1e60,9
1e61,444
2763,61
1e62,179
1e63,35027
1e64,37112
1e65,187
1e66,1673
1e67,369
1e68,295
1e69,245
258b,123
1e6a,41
1e6b,83
27b9,62
1e6c,65
1e6d,142
1e6e,17
1e6f,32
2708,10
1e70,8
1e71,1881
1e72,1871
1e73,34
1e74,3
1e75,258
1e76,28
1e78,1965
1e79,3091
1e7a,36
1e7b,61
1e7c,257
1e7d,153
1e7e,120
1e7f,112
1e80,41594
1e81,19
1e83,65
1e84,237
1e85,214
1e86,255
1e87,176
1e88,63
1e89,1060
1e8a,1026
1e8b,18
1e8c,206
1e8d,372
1e8e,2254
1e8f,17
1e90,16564
1e92,109
1e93,2148
1e94,70559
1e95,169
2787,1
2508,4
1e96,3738
1e97,74
1e98,84
1e99,21607
1e9a,22037
1e9b,65
1e9c,18
1e9d,714
1e9e,13
1e9f,23
250b,1
1ea0,285
1ea1,6120
25c0,427
1ea2,15
1ea3,209
1ea4,180
1ea5,671
1ea6,4
1ea7,325
1ea8,38
27eb,38
1ea9,33
1eaa,60
27ec,1
1eab,37
1eac,31
1ead,518
1eae,199407
1eaf,524
1eb0,1353
1eb1,34
1eb2,2988
1eb3,66
1eb4,34
1eb5,166
1eb6,1816
1eb7,5
1eb8,85
250f,1
1eb9,14
1eba,390
1ebb,110
2788,5
1ebc,54
1ebd,676
1ebe,61848
1ebf,1067
1ec0,9
1ec1,71
1ec2,71
2835,46
1ec3,96
1ec5,5
1ec6,14
1ec7,46814
1ec8,719
1ec9,457
1eca,309
1ecb,994
1ecc,1023
1ecd,101
2510,14
1ece,110
1ecf,139
1ed0,20
1ed1,145
1ed2,152
1ed3,16
1ed4,68
2511,11
1ed5,164
1ed6,86
1ed7,2
1ed8,15786
2512,14
1ed9,5066
2817,11
1eda,10
1edb,3936
1edc,8725
1edd,83
25c1,25
1ede,13546
2165,10
1edf,41
1ee0,16
1ee1,54
1ee2,2507
2726,158
1ee3,42
1ee4,95
25ea,47
1ee5,90
1ee6,1995
1ee7,34
1ee8,118
1ee9,78
1eea,426
1eeb,6
1eec,72
1eed,95
1eee,46
1eef,46
1ef0,8
1ef1,10951
1ef2,35
2818,27
1ef3,1645
1ef4,17
1ef5,176
1ef6,5
2166,3
1ef7,6
1ef8,47
1ef9,43
1efa,11
1efb,2154
1efc,107
1efd,21
1efe,23
1eff,10
1f00,675
1f01,41
1f02,194
1f03,677
1f04,18
2764,40
1f06,142
2167,13
1f07,99
1f08,28
1f09,144
1f0a,20
1f0b,2
2765,54
1f0c,9
1f0d,1089
1f0e,255
1f0f,4972
1f10,8659
1f12,22
258d,23
1f13,554
1f14,360
1f15,131958
1f16,215336
1f17,219
1f18,886
1f19,1157
1f1a,168
1f1b,119
1f1c,885
1f1d,31
2789,1
1f1e,1070
1f1f,966
1f20,20
1f21,5160
2766,34
1f22,1
1f23,471
1f24,27
1f25,160
1f26,38
1f27,2558
1f28,8756
1f29,2940
1f2a,7627
1f2b,15617
1f2c,7567
1f2d,7576
1f2e,219101
1f2f,9
2168,3
2666,22
1f30,12
1f31,1429
1f32,56460
1f33,1341
1f34,139
2836,2
1f35,89677
1f36,30993
1f37,63
1f38,34158
1f39,228
1f3a,29471
260d,16
1f3b,5
1f3c,732
1f3d,114
1f3e,181
1f3f,506
1f40,27
1f41,3
1f42,25
1f43,11540
1f44,100
1f45,106
1f46,163
1f47,94
1f48,3723
1f49,151
1f4a,98
1f4b,17343
1f4c,373
1f4d,5067
1f4e,30
1f4f,17723
1f51,165
1f52,3
1f53,4
1f54,68
216a,2
1f55,17
1f56,527
1f57,42
1f58,65
1f59,63
1f5a,84
1f5b,2
1f5c,190
1f5d,42
1f5e,14510
1f5f,1727
1f60,81
1f61,113
216b,5
1f62,73
1f63,38
1f64,372
1f65,28
1f67,1367
1f68,11905
1f69,278404
1f6a,13
1f6b,2191
1f6c,339
1f6d,36
1f6e,19
1f6f,109
1f70,9
1f71,516
1f72,11
1f73,1624
1f74,151
1f75,94
1f76,1197
1f77,112
1f78,6
1f79,293
1f7a,3841
1f7b,237
1f7c,31
1f7d,923
1f7e,4
1f7f,6
1f80,23
1f81,8212
1f82,138
1f83,7296
1f84,40
1f85,35
278a,87
1f86,68
1f87,50927
1f88,857488
216d,4
1f89,407
1f8a,30
1f8b,138
1f8c,21
1f8d,6797
1f8e,37
1f8f,335
216e,19
216f,1
1f90,2563
1f91,2606
1f92,43
1f93,350
1f94,4815
1f95,10785
1f96,139
1f97,97
1f98,145
1f99,236
1f9a,2140
1f9b,332
1f9c,14734
27ed,31
1f9d,39
27ee,1
1f9e,20
1f9f,3160
1fa0,24
1fa1,53
1fa2,178
1fa3,16
1fa4,25535
1fa5,30
1fa6,1
1fa7,25
1fa8,93
1fa9,41
1faa,117
1fab,49
263b,24
1fac,26
1fad,409
1fae,66
1faf,70
1fb0,862
1fb1,19
1fb2,5453
1fb3,127
1fb4,367
1fb5,68
1fb6,130
1fb7,23
1fb8,72
1fb9,1615
1fba,234
1fbb,277
1fbc,35
1fbd,446
1fbe,46
1fc0,57
1fc1,149528
1fc2,168759
1fc3,428
1fc4,685
1fc8,123
1fc9,717
1fca,52
1fcb,86
1fcc,4
1fcd,8121
1fce,657
1fcf,21
1fd0,171295
1fd1,44
1fd2,49
1fd3,370
1fd4,100
2171,3
26a5,155
2767,6
2768,1
2769,2
1fd6,8755
1fd7,45
1fd8,57
1fd9,15
1fda,24
1fdb,604
1fdc,25
1fdd,19950
1fde,385
1fdf,841
255d,11
27ba,187
1fe0,39
1fe1,1114
2709,172
1fe2,21457
1fe3,8
1fe4,10
1fe5,33
26a6,34
1fe6,11560
1fe7,143
2667,1442
1fe8,83
1fe9,84
1fea,44
1feb,241
260e,1
1fec,174
1fed,17235
26ef,19
1fee,526
1fef,121
1ff0,15827
1ff1,81
1ff2,13
1ff3,189
1ff4,13853
1ff5,672
1ff6,37902
1ff7,181
1ff8,327311
1ff9,67
1ffa,88
1ffb,3
1ffc,735
1ffd,352
1ffe,10
2174,44
1fff,88
2000,49
2001,462
2002,993
2003,6535
2004,136
2005,25
276a,692
2006,49920
2007,80
2008,46
2009,410
200a,50
200b,483
200c,24
200d,66778
200e,693
200f,1741
2010,81
2011,17535
2012,6875
2013,19
2014,490
2015,105
2016,63
2017,986
2018,40
2019,35
27ef,206
201a,15484
201b,29
201c,361
201d,231
201e,62
25c3,277
201f,20
2020,699487
2021,181
2022,25
2023,620
2024,253
2025,20
2026,71
252f,19
2027,162
25c4,101
2028,13
2029,116
25eb,137
202a,150
2175,4
202b,1
202c,21